Copyright 1986-2018 Xilinx, Inc. All Rights Reserved.
--------------------------------------------------------------------------------------------------------------------------------------------------------------------------------------------------
| Tool Version : Vivado v.2018.2 (win64) Build 2258646 Thu Jun 14 20:03:12 MDT 2018
| Date         : Sun May 31 18:23:49 2026
| Host         : DESKTOP-5HCU1TC running 64-bit major release  (build 9200)
| Command      : report_timing_summary -max_paths 10 -file top_nexys_timing_summary_routed.rpt -pb top_nexys_timing_summary_routed.pb -rpx top_nexys_timing_summary_routed.rpx -warn_on_violation
| Design       : top_nexys
| Device       : 7a100t-csg324
| Speed File   : -3  PRODUCTION 1.22 2018-03-21
--------------------------------------------------------------------------------------------------------------------------------------------------------------------------------------------------

Timing Summary Report

------------------------------------------------------------------------------------------------
| Timer Settings
| --------------
------------------------------------------------------------------------------------------------

  Enable Multi Corner Analysis               :  Yes
  Enable Pessimism Removal                   :  Yes
  Pessimism Removal Resolution               :  Nearest Common Node
  Enable Input Delay Default Clock           :  No
  Enable Preset / Clear Arcs                 :  No
  Disable Flight Delays                      :  No
  Ignore I/O Paths                           :  No
  Timing Early Launch at Borrowing Latches   :  false

  Corner  Analyze    Analyze    
  Name    Max Paths  Min Paths  
  ------  ---------  ---------  
  Slow    Yes        Yes        
  Fast    Yes        Yes        



check_timing report

Table of Contents
-----------------
1. checking no_clock
2. checking constant_clock
3. checking pulse_width_clock
4. checking unconstrained_internal_endpoints
5. checking no_input_delay
6. checking no_output_delay
7. checking multiple_clock
8. checking generated_clocks
9. checking loops
10. checking partial_input_delay
11. checking partial_output_delay
12. checking latch_loops

1. checking no_clock
--------------------
 There are 0 register/latch pins with no clock.


2. checking constant_clock
--------------------------
 There are 0 register/latch pins with constant_clock.


3. checking pulse_width_clock
-----------------------------
 There are 0 register/latch pins which need pulse_width check


4. checking unconstrained_internal_endpoints
--------------------------------------------
 There are 0 pins that are not constrained for maximum delay.

 There are 0 pins that are not constrained for maximum delay due to constant clock.


5. checking no_input_delay
--------------------------
 There are 7 input ports with no input delay specified. (HIGH)

 There are 0 input ports with no input delay but user has a false path constraint.


6. checking no_output_delay
---------------------------
 There are 31 ports with no output delay specified. (HIGH)

 There are 0 ports with no output delay but user has a false path constraint

 There are 0 ports with no output delay but with a timing clock defined on it or propagating through it


7. checking multiple_clock
--------------------------
 There are 0 register/latch pins with multiple clocks.


8. checking generated_clocks
----------------------------
 There are 0 generated clocks that are not connected to a clock source.


9. checking loops
-----------------
 There are 0 combinational loops in the design.


10. checking partial_input_delay
--------------------------------
 There are 0 input ports with partial input delay specified.


11. checking partial_output_delay
---------------------------------
 There are 0 ports with partial output delay specified.


12. checking latch_loops
------------------------
 There are 0 combinational latch loops in the design through latch input



------------------------------------------------------------------------------------------------
| Design Timing Summary
| ---------------------
------------------------------------------------------------------------------------------------

    WNS(ns)      TNS(ns)  TNS Failing Endpoints  TNS Total Endpoints      WHS(ns)      THS(ns)  THS Failing Endpoints  THS Total Endpoints     WPWS(ns)     TPWS(ns)  TPWS Failing Endpoints  TPWS Total Endpoints  
    -------      -------  ---------------------  -------------------      -------      -------  ---------------------  -------------------     --------     --------  ----------------------  --------------------  
      0.868        0.000                      0                 6101        0.230        0.000                      0                 6101        3.950        0.000                       0                   743  


All user specified timing constraints are met.


------------------------------------------------------------------------------------------------
| Clock Summary
| -------------
------------------------------------------------------------------------------------------------

Clock       Waveform(ns)       Period(ns)      Frequency(MHz)
-----       ------------       ----------      --------------
clk_100MHz  {0.000 5.000}      10.000          100.000         


------------------------------------------------------------------------------------------------
| Intra Clock Table
| -----------------
------------------------------------------------------------------------------------------------

Clock             WNS(ns)      TNS(ns)  TNS Failing Endpoints  TNS Total Endpoints      WHS(ns)      THS(ns)  THS Failing Endpoints  THS Total Endpoints     WPWS(ns)     TPWS(ns)  TPWS Failing Endpoints  TPWS Total Endpoints  
-----             -------      -------  ---------------------  -------------------      -------      -------  ---------------------  -------------------     --------     --------  ----------------------  --------------------  
clk_100MHz          0.868        0.000                      0                 6037        0.230        0.000                      0                 6037        3.950        0.000                       0                   743  


------------------------------------------------------------------------------------------------
| Inter Clock Table
| -----------------
------------------------------------------------------------------------------------------------

From Clock    To Clock          WNS(ns)      TNS(ns)  TNS Failing Endpoints  TNS Total Endpoints      WHS(ns)      THS(ns)  THS Failing Endpoints  THS Total Endpoints  
----------    --------          -------      -------  ---------------------  -------------------      -------      -------  ---------------------  -------------------  


------------------------------------------------------------------------------------------------
| Other Path Groups Table
| -----------------------
------------------------------------------------------------------------------------------------

Path Group         From Clock         To Clock               WNS(ns)      TNS(ns)  TNS Failing Endpoints  TNS Total Endpoints      WHS(ns)      THS(ns)  THS Failing Endpoints  THS Total Endpoints  
----------         ----------         --------               -------      -------  ---------------------  -------------------      -------      -------  ---------------------  -------------------  
**async_default**  clk_100MHz         clk_100MHz               8.155        0.000                      0                   64        0.410        0.000                      0                   64  


------------------------------------------------------------------------------------------------
| Timing Details
| --------------
------------------------------------------------------------------------------------------------


---------------------------------------------------------------------------------------------------
From Clock:  clk_100MHz
  To Clock:  clk_100MHz

Setup :            0  Failing Endpoints,  Worst Slack        0.868ns,  Total Violation        0.000ns
Hold  :            0  Failing Endpoints,  Worst Slack        0.230ns,  Total Violation        0.000ns
PW    :            0  Failing Endpoints,  Worst Slack        3.950ns,  Total Violation        0.000ns
---------------------------------------------------------------------------------------------------


Max Delay Paths
--------------------------------------------------------------------------------------
Slack (MET) :             0.868ns  (required time - arrival time)
  Source:                 core/pc_inst/pc_reg[8]/C
                            (rising edge-triggered cell FDCE clocked by clk_100MHz  {rise@0.000ns fall@5.000ns period=10.000ns})
  Destination:            core/pc_inst/pc_reg[31]/D
                            (rising edge-triggered cell FDCE clocked by clk_100MHz  {rise@0.000ns fall@5.000ns period=10.000ns})
  Path Group:             clk_100MHz
  Path Type:              Setup (Max at Slow Process Corner)
  Requirement:            10.000ns  (clk_100MHz rise@10.000ns - clk_100MHz rise@0.000ns)
  Data Path Delay:        9.136ns  (logic 3.208ns (35.114%)  route 5.928ns (64.886%))
  Logic Levels:           19  (CARRY4=10 LUT4=1 LUT5=2 LUT6=5 RAMD32=1)
  Clock Path Skew:        -0.017ns (DCD - SCD + CPR)
    Destination Clock Delay (DCD):    3.993ns = ( 13.993 - 10.000 ) 
    Source Clock Delay      (SCD):    4.242ns
    Clock Pessimism Removal (CPR):    0.232ns
  Clock Uncertainty:      0.035ns  ((TSJ^2 + TIJ^2)^1/2 + DJ) / 2 + PE
    Total System Jitter     (TSJ):    0.071ns
    Total Input Jitter      (TIJ):    0.000ns
    Discrete Jitter          (DJ):    0.000ns
    Phase Error              (PE):    0.000ns

    Location             Delay type                Incr(ns)  Path(ns)    Netlist Resource(s)
  -------------------------------------------------------------------    -------------------
                         (clock clk_100MHz rise edge)
                                                      0.000     0.000 r  
    E3                                                0.000     0.000 r  clk_100MHz (IN)
                         net (fo=0)                   0.000     0.000    clk_100MHz
    E3                   IBUF (Prop_ibuf_I_O)         1.330     1.330 r  clk_100MHz_IBUF_inst/O
                         net (fo=1, routed)           1.525     2.855    clk_100MHz_IBUF
    BUFGCTRL_X0Y16       BUFG (Prop_bufg_I_O)         0.076     2.931 r  clk_100MHz_IBUF_BUFG_inst/O
                         net (fo=742, routed)         1.311     4.242    core/pc_inst/clk_100MHz_IBUF_BUFG
    SLICE_X83Y77         FDCE                                         r  core/pc_inst/pc_reg[8]/C
  -------------------------------------------------------------------    -------------------
    SLICE_X83Y77         FDCE (Prop_fdce_C_Q)         0.341     4.583 f  core/pc_inst/pc_reg[8]/Q
                         net (fo=3, routed)           0.773     5.355    core/pc_inst/sel[6]
    SLICE_X81Y77         LUT6 (Prop_lut6_I0_O)        0.097     5.452 r  core/pc_inst/mem_reg_0_255_0_0_i_11/O
                         net (fo=104, routed)         0.433     5.885    core/pc_inst/mem_reg_0_255_0_0_i_11_n_0
    SLICE_X81Y75         LUT5 (Prop_lut5_I2_O)        0.097     5.982 r  core/pc_inst/regs_reg_r2_0_31_0_5_i_2/O
                         net (fo=69, routed)          0.641     6.623    core/rf/regs_reg_r2_0_31_0_5/ADDRA2
    SLICE_X80Y77         RAMD32 (Prop_ramd32_RADR2_O)
                                                      0.097     6.720 r  core/rf/regs_reg_r2_0_31_0_5/RAMA_D1/O
                         net (fo=2, routed)           0.597     7.317    core/pc_inst/read_data21[1]
    SLICE_X81Y75         LUT6 (Prop_lut6_I0_O)        0.097     7.414 r  core/pc_inst/led_OBUF[3]_inst_i_2/O
                         net (fo=4, routed)           0.550     7.964    core/pc_inst/led_OBUF[3]_inst_i_2_n_0
    SLICE_X82Y75         LUT4 (Prop_lut4_I0_O)        0.097     8.061 r  core/pc_inst/i__carry_i_8/O
                         net (fo=1, routed)           0.000     8.061    core/alu_inst/S[1]
    SLICE_X82Y75         CARRY4 (Prop_carry4_S[1]_CO[3])
                                                      0.412     8.473 r  core/alu_inst/_inferred__0/i__carry/CO[3]
                         net (fo=1, routed)           0.000     8.473    core/alu_inst/_inferred__0/i__carry_n_0
    SLICE_X82Y76         CARRY4 (Prop_carry4_CI_O[3])
                                                      0.234     8.707 f  core/alu_inst/_inferred__0/i__carry__0/O[3]
                         net (fo=6, routed)           0.418     9.125    core/pc_inst/data0[7]
    SLICE_X81Y75         LUT6 (Prop_lut6_I5_O)        0.234     9.359 f  core/pc_inst/led_OBUF[9]_inst_i_1/O
                         net (fo=35, routed)          0.972    10.331    core/pc_inst/pc_reg[19]_2[5]
    SLICE_X82Y83         LUT5 (Prop_lut5_I4_O)        0.113    10.444 f  core/pc_inst/pc[19]_i_23/O
                         net (fo=1, routed)           0.490    10.934    core/pc_inst/pc[19]_i_23_n_0
    SLICE_X83Y83         LUT6 (Prop_lut6_I4_O)        0.239    11.173 f  core/pc_inst/pc[19]_i_8/O
                         net (fo=9, routed)           0.655    11.828    core/pc_inst/pc[19]_i_8_n_0
    SLICE_X82Y74         LUT6 (Prop_lut6_I1_O)        0.097    11.925 r  core/pc_inst/pc[3]_i_2/O
                         net (fo=1, routed)           0.399    12.324    core/pc_inst/pc[3]_i_2_n_0
    SLICE_X83Y75         CARRY4 (Prop_carry4_DI[3]_CO[3])
                                                      0.285    12.609 r  core/pc_inst/pc_reg[3]_i_1/CO[3]
                         net (fo=1, routed)           0.000    12.609    core/pc_inst/pc_reg[3]_i_1_n_0
    SLICE_X83Y76         CARRY4 (Prop_carry4_CI_CO[3])
                                                      0.089    12.698 r  core/pc_inst/pc_reg[7]_i_1/CO[3]
                         net (fo=1, routed)           0.000    12.698    core/pc_inst/pc_reg[7]_i_1_n_0
    SLICE_X83Y77         CARRY4 (Prop_carry4_CI_CO[3])
                                                      0.089    12.787 r  core/pc_inst/pc_reg[11]_i_1/CO[3]
                         net (fo=1, routed)           0.000    12.787    core/pc_inst/pc_reg[11]_i_1_n_0
    SLICE_X83Y78         CARRY4 (Prop_carry4_CI_CO[3])
                                                      0.089    12.876 r  core/pc_inst/pc_reg[15]_i_1/CO[3]
                         net (fo=1, routed)           0.000    12.876    core/pc_inst/pc_reg[15]_i_1_n_0
    SLICE_X83Y79         CARRY4 (Prop_carry4_CI_CO[3])
                                                      0.089    12.965 r  core/pc_inst/pc_reg[19]_i_1/CO[3]
                         net (fo=1, routed)           0.000    12.965    core/pc_inst/pc_reg[19]_i_1_n_0
    SLICE_X83Y80         CARRY4 (Prop_carry4_CI_CO[3])
                                                      0.089    13.054 r  core/pc_inst/pc_reg[23]_i_1/CO[3]
                         net (fo=1, routed)           0.000    13.054    core/pc_inst/pc_reg[23]_i_1_n_0
    SLICE_X83Y81         CARRY4 (Prop_carry4_CI_CO[3])
                                                      0.089    13.143 r  core/pc_inst/pc_reg[27]_i_1/CO[3]
                         net (fo=1, routed)           0.000    13.143    core/pc_inst/pc_reg[27]_i_1_n_0
    SLICE_X83Y82         CARRY4 (Prop_carry4_CI_O[3])
                                                      0.234    13.377 r  core/pc_inst/pc_reg[31]_i_1/O[3]
                         net (fo=1, routed)           0.000    13.377    core/pc_inst/pc_reg[31]_i_1_n_4
    SLICE_X83Y82         FDCE                                         r  core/pc_inst/pc_reg[31]/D
  -------------------------------------------------------------------    -------------------

                         (clock clk_100MHz rise edge)
                                                     10.000    10.000 r  
    E3                                                0.000    10.000 r  clk_100MHz (IN)
                         net (fo=0)                   0.000    10.000    clk_100MHz
    E3                   IBUF (Prop_ibuf_I_O)         1.263    11.263 r  clk_100MHz_IBUF_inst/O
                         net (fo=1, routed)           1.443    12.706    clk_100MHz_IBUF
    BUFGCTRL_X0Y16       BUFG (Prop_bufg_I_O)         0.072    12.778 r  clk_100MHz_IBUF_BUFG_inst/O
                         net (fo=742, routed)         1.215    13.993    core/pc_inst/clk_100MHz_IBUF_BUFG
    SLICE_X83Y82         FDCE                                         r  core/pc_inst/pc_reg[31]/C
                         clock pessimism              0.232    14.225    
                         clock uncertainty           -0.035    14.189    
    SLICE_X83Y82         FDCE (Setup_fdce_C_D)        0.056    14.245    core/pc_inst/pc_reg[31]
  -------------------------------------------------------------------
                         required time                         14.245    
                         arrival time                         -13.377    
  -------------------------------------------------------------------
                         slack                                  0.868    

Slack (MET) :             0.872ns  (required time - arrival time)
  Source:                 core/pc_inst/pc_reg[8]/C
                            (rising edge-triggered cell FDCE clocked by clk_100MHz  {rise@0.000ns fall@5.000ns period=10.000ns})
  Destination:            core/pc_inst/pc_reg[29]/D
                            (rising edge-triggered cell FDCE clocked by clk_100MHz  {rise@0.000ns fall@5.000ns period=10.000ns})
  Path Group:             clk_100MHz
  Path Type:              Setup (Max at Slow Process Corner)
  Requirement:            10.000ns  (clk_100MHz rise@10.000ns - clk_100MHz rise@0.000ns)
  Data Path Delay:        9.132ns  (logic 3.204ns (35.086%)  route 5.928ns (64.914%))
  Logic Levels:           19  (CARRY4=10 LUT4=1 LUT5=2 LUT6=5 RAMD32=1)
  Clock Path Skew:        -0.017ns (DCD - SCD + CPR)
    Destination Clock Delay (DCD):    3.993ns = ( 13.993 - 10.000 ) 
    Source Clock Delay      (SCD):    4.242ns
    Clock Pessimism Removal (CPR):    0.232ns
  Clock Uncertainty:      0.035ns  ((TSJ^2 + TIJ^2)^1/2 + DJ) / 2 + PE
    Total System Jitter     (TSJ):    0.071ns
    Total Input Jitter      (TIJ):    0.000ns
    Discrete Jitter          (DJ):    0.000ns
    Phase Error              (PE):    0.000ns

    Location             Delay type                Incr(ns)  Path(ns)    Netlist Resource(s)
  -------------------------------------------------------------------    -------------------
                         (clock clk_100MHz rise edge)
                                                      0.000     0.000 r  
    E3                                                0.000     0.000 r  clk_100MHz (IN)
                         net (fo=0)                   0.000     0.000    clk_100MHz
    E3                   IBUF (Prop_ibuf_I_O)         1.330     1.330 r  clk_100MHz_IBUF_inst/O
                         net (fo=1, routed)           1.525     2.855    clk_100MHz_IBUF
    BUFGCTRL_X0Y16       BUFG (Prop_bufg_I_O)         0.076     2.931 r  clk_100MHz_IBUF_BUFG_inst/O
                         net (fo=742, routed)         1.311     4.242    core/pc_inst/clk_100MHz_IBUF_BUFG
    SLICE_X83Y77         FDCE                                         r  core/pc_inst/pc_reg[8]/C
  -------------------------------------------------------------------    -------------------
    SLICE_X83Y77         FDCE (Prop_fdce_C_Q)         0.341     4.583 f  core/pc_inst/pc_reg[8]/Q
                         net (fo=3, routed)           0.773     5.355    core/pc_inst/sel[6]
    SLICE_X81Y77         LUT6 (Prop_lut6_I0_O)        0.097     5.452 r  core/pc_inst/mem_reg_0_255_0_0_i_11/O
                         net (fo=104, routed)         0.433     5.885    core/pc_inst/mem_reg_0_255_0_0_i_11_n_0
    SLICE_X81Y75         LUT5 (Prop_lut5_I2_O)        0.097     5.982 r  core/pc_inst/regs_reg_r2_0_31_0_5_i_2/O
                         net (fo=69, routed)          0.641     6.623    core/rf/regs_reg_r2_0_31_0_5/ADDRA2
    SLICE_X80Y77         RAMD32 (Prop_ramd32_RADR2_O)
                                                      0.097     6.720 r  core/rf/regs_reg_r2_0_31_0_5/RAMA_D1/O
                         net (fo=2, routed)           0.597     7.317    core/pc_inst/read_data21[1]
    SLICE_X81Y75         LUT6 (Prop_lut6_I0_O)        0.097     7.414 r  core/pc_inst/led_OBUF[3]_inst_i_2/O
                         net (fo=4, routed)           0.550     7.964    core/pc_inst/led_OBUF[3]_inst_i_2_n_0
    SLICE_X82Y75         LUT4 (Prop_lut4_I0_O)        0.097     8.061 r  core/pc_inst/i__carry_i_8/O
                         net (fo=1, routed)           0.000     8.061    core/alu_inst/S[1]
    SLICE_X82Y75         CARRY4 (Prop_carry4_S[1]_CO[3])
                                                      0.412     8.473 r  core/alu_inst/_inferred__0/i__carry/CO[3]
                         net (fo=1, routed)           0.000     8.473    core/alu_inst/_inferred__0/i__carry_n_0
    SLICE_X82Y76         CARRY4 (Prop_carry4_CI_O[3])
                                                      0.234     8.707 f  core/alu_inst/_inferred__0/i__carry__0/O[3]
                         net (fo=6, routed)           0.418     9.125    core/pc_inst/data0[7]
    SLICE_X81Y75         LUT6 (Prop_lut6_I5_O)        0.234     9.359 f  core/pc_inst/led_OBUF[9]_inst_i_1/O
                         net (fo=35, routed)          0.972    10.331    core/pc_inst/pc_reg[19]_2[5]
    SLICE_X82Y83         LUT5 (Prop_lut5_I4_O)        0.113    10.444 f  core/pc_inst/pc[19]_i_23/O
                         net (fo=1, routed)           0.490    10.934    core/pc_inst/pc[19]_i_23_n_0
    SLICE_X83Y83         LUT6 (Prop_lut6_I4_O)        0.239    11.173 f  core/pc_inst/pc[19]_i_8/O
                         net (fo=9, routed)           0.655    11.828    core/pc_inst/pc[19]_i_8_n_0
    SLICE_X82Y74         LUT6 (Prop_lut6_I1_O)        0.097    11.925 r  core/pc_inst/pc[3]_i_2/O
                         net (fo=1, routed)           0.399    12.324    core/pc_inst/pc[3]_i_2_n_0
    SLICE_X83Y75         CARRY4 (Prop_carry4_DI[3]_CO[3])
                                                      0.285    12.609 r  core/pc_inst/pc_reg[3]_i_1/CO[3]
                         net (fo=1, routed)           0.000    12.609    core/pc_inst/pc_reg[3]_i_1_n_0
    SLICE_X83Y76         CARRY4 (Prop_carry4_CI_CO[3])
                                                      0.089    12.698 r  core/pc_inst/pc_reg[7]_i_1/CO[3]
                         net (fo=1, routed)           0.000    12.698    core/pc_inst/pc_reg[7]_i_1_n_0
    SLICE_X83Y77         CARRY4 (Prop_carry4_CI_CO[3])
                                                      0.089    12.787 r  core/pc_inst/pc_reg[11]_i_1/CO[3]
                         net (fo=1, routed)           0.000    12.787    core/pc_inst/pc_reg[11]_i_1_n_0
    SLICE_X83Y78         CARRY4 (Prop_carry4_CI_CO[3])
                                                      0.089    12.876 r  core/pc_inst/pc_reg[15]_i_1/CO[3]
                         net (fo=1, routed)           0.000    12.876    core/pc_inst/pc_reg[15]_i_1_n_0
    SLICE_X83Y79         CARRY4 (Prop_carry4_CI_CO[3])
                                                      0.089    12.965 r  core/pc_inst/pc_reg[19]_i_1/CO[3]
                         net (fo=1, routed)           0.000    12.965    core/pc_inst/pc_reg[19]_i_1_n_0
    SLICE_X83Y80         CARRY4 (Prop_carry4_CI_CO[3])
                                                      0.089    13.054 r  core/pc_inst/pc_reg[23]_i_1/CO[3]
                         net (fo=1, routed)           0.000    13.054    core/pc_inst/pc_reg[23]_i_1_n_0
    SLICE_X83Y81         CARRY4 (Prop_carry4_CI_CO[3])
                                                      0.089    13.143 r  core/pc_inst/pc_reg[27]_i_1/CO[3]
                         net (fo=1, routed)           0.000    13.143    core/pc_inst/pc_reg[27]_i_1_n_0
    SLICE_X83Y82         CARRY4 (Prop_carry4_CI_O[1])
                                                      0.230    13.373 r  core/pc_inst/pc_reg[31]_i_1/O[1]
                         net (fo=1, routed)           0.000    13.373    core/pc_inst/pc_reg[31]_i_1_n_6
    SLICE_X83Y82         FDCE                                         r  core/pc_inst/pc_reg[29]/D
  -------------------------------------------------------------------    -------------------

                         (clock clk_100MHz rise edge)
                                                     10.000    10.000 r  
    E3                                                0.000    10.000 r  clk_100MHz (IN)
                         net (fo=0)                   0.000    10.000    clk_100MHz
    E3                   IBUF (Prop_ibuf_I_O)         1.263    11.263 r  clk_100MHz_IBUF_inst/O
                         net (fo=1, routed)           1.443    12.706    clk_100MHz_IBUF
    BUFGCTRL_X0Y16       BUFG (Prop_bufg_I_O)         0.072    12.778 r  clk_100MHz_IBUF_BUFG_inst/O
                         net (fo=742, routed)         1.215    13.993    core/pc_inst/clk_100MHz_IBUF_BUFG
    SLICE_X83Y82         FDCE                                         r  core/pc_inst/pc_reg[29]/C
                         clock pessimism              0.232    14.225    
                         clock uncertainty           -0.035    14.189    
    SLICE_X83Y82         FDCE (Setup_fdce_C_D)        0.056    14.245    core/pc_inst/pc_reg[29]
  -------------------------------------------------------------------
                         required time                         14.245    
                         arrival time                         -13.373    
  -------------------------------------------------------------------
                         slack                                  0.872    

Slack (MET) :             0.898ns  (required time - arrival time)
  Source:                 core/pc_inst/pc_reg[8]/C
                            (rising edge-triggered cell FDCE clocked by clk_100MHz  {rise@0.000ns fall@5.000ns period=10.000ns})
  Destination:            core/rf/regs_reg_r3_0_31_18_23/RAMA/I
                            (rising edge-triggered cell RAMD32 clocked by clk_100MHz  {rise@0.000ns fall@5.000ns period=10.000ns})
  Path Group:             clk_100MHz
  Path Type:              Setup (Max at Slow Process Corner)
  Requirement:            10.000ns  (clk_100MHz rise@10.000ns - clk_100MHz rise@0.000ns)
  Data Path Delay:        8.907ns  (logic 2.463ns (27.656%)  route 6.444ns (72.344%))
  Logic Levels:           13  (CARRY4=2 LUT4=1 LUT5=1 LUT6=5 MUXF7=1 MUXF8=1 RAMD32=1 RAMS64E=1)
  Clock Path Skew:        -0.038ns (DCD - SCD + CPR)
    Destination Clock Delay (DCD):    3.990ns = ( 13.990 - 10.000 ) 
    Source Clock Delay      (SCD):    4.242ns
    Clock Pessimism Removal (CPR):    0.214ns
  Clock Uncertainty:      0.035ns  ((TSJ^2 + TIJ^2)^1/2 + DJ) / 2 + PE
    Total System Jitter     (TSJ):    0.071ns
    Total Input Jitter      (TIJ):    0.000ns
    Discrete Jitter          (DJ):    0.000ns
    Phase Error              (PE):    0.000ns

    Location             Delay type                Incr(ns)  Path(ns)    Netlist Resource(s)
  -------------------------------------------------------------------    -------------------
                         (clock clk_100MHz rise edge)
                                                      0.000     0.000 r  
    E3                                                0.000     0.000 r  clk_100MHz (IN)
                         net (fo=0)                   0.000     0.000    clk_100MHz
    E3                   IBUF (Prop_ibuf_I_O)         1.330     1.330 r  clk_100MHz_IBUF_inst/O
                         net (fo=1, routed)           1.525     2.855    clk_100MHz_IBUF
    BUFGCTRL_X0Y16       BUFG (Prop_bufg_I_O)         0.076     2.931 r  clk_100MHz_IBUF_BUFG_inst/O
                         net (fo=742, routed)         1.311     4.242    core/pc_inst/clk_100MHz_IBUF_BUFG
    SLICE_X83Y77         FDCE                                         r  core/pc_inst/pc_reg[8]/C
  -------------------------------------------------------------------    -------------------
    SLICE_X83Y77         FDCE (Prop_fdce_C_Q)         0.341     4.583 f  core/pc_inst/pc_reg[8]/Q
                         net (fo=3, routed)           0.773     5.355    core/pc_inst/sel[6]
    SLICE_X81Y77         LUT6 (Prop_lut6_I0_O)        0.097     5.452 r  core/pc_inst/mem_reg_0_255_0_0_i_11/O
                         net (fo=104, routed)         0.433     5.885    core/pc_inst/mem_reg_0_255_0_0_i_11_n_0
    SLICE_X81Y75         LUT5 (Prop_lut5_I2_O)        0.097     5.982 r  core/pc_inst/regs_reg_r2_0_31_0_5_i_2/O
                         net (fo=69, routed)          0.641     6.623    core/rf/regs_reg_r2_0_31_0_5/ADDRA2
    SLICE_X80Y77         RAMD32 (Prop_ramd32_RADR2_O)
                                                      0.097     6.720 r  core/rf/regs_reg_r2_0_31_0_5/RAMA_D1/O
                         net (fo=2, routed)           0.597     7.317    core/pc_inst/read_data21[1]
    SLICE_X81Y75         LUT6 (Prop_lut6_I0_O)        0.097     7.414 r  core/pc_inst/led_OBUF[3]_inst_i_2/O
                         net (fo=4, routed)           0.550     7.964    core/pc_inst/led_OBUF[3]_inst_i_2_n_0
    SLICE_X82Y75         LUT4 (Prop_lut4_I0_O)        0.097     8.061 r  core/pc_inst/i__carry_i_8/O
                         net (fo=1, routed)           0.000     8.061    core/alu_inst/S[1]
    SLICE_X82Y75         CARRY4 (Prop_carry4_S[1]_CO[3])
                                                      0.412     8.473 r  core/alu_inst/_inferred__0/i__carry/CO[3]
                         net (fo=1, routed)           0.000     8.473    core/alu_inst/_inferred__0/i__carry_n_0
    SLICE_X82Y76         CARRY4 (Prop_carry4_CI_O[2])
                                                      0.181     8.654 r  core/alu_inst/_inferred__0/i__carry__0/O[2]
                         net (fo=6, routed)           0.733     9.387    core/pc_inst/data0[6]
    SLICE_X77Y82         LUT6 (Prop_lut6_I5_O)        0.230     9.617 r  core/pc_inst/mem_reg_0_255_18_18_i_5/O
                         net (fo=96, routed)          0.875    10.492    core/dmem/mem_reg_768_1023_18_18/A4
    SLICE_X66Y79         RAMS64E (Prop_rams64e_ADR4_O)
                                                      0.264    10.756 r  core/dmem/mem_reg_768_1023_18_18/RAMS64E_B/O
                         net (fo=1, routed)           0.000    10.756    core/dmem/mem_reg_768_1023_18_18/OB
    SLICE_X66Y79         MUXF7 (Prop_muxf7_I0_O)      0.156    10.912 r  core/dmem/mem_reg_768_1023_18_18/F7.A/O
                         net (fo=1, routed)           0.000    10.912    core/dmem/mem_reg_768_1023_18_18/O1
    SLICE_X66Y79         MUXF8 (Prop_muxf8_I1_O)      0.067    10.979 r  core/dmem/mem_reg_768_1023_18_18/F8/O
                         net (fo=1, routed)           0.906    11.885    core/dmem/mem_reg_768_1023_18_18_n_0
    SLICE_X77Y82         LUT6 (Prop_lut6_I0_O)        0.230    12.115 r  core/dmem/regs_reg_r1_0_31_18_23_i_9/O
                         net (fo=1, routed)           0.494    12.609    core/pc_inst/pc_reg[3]_0[15]
    SLICE_X81Y82         LUT6 (Prop_lut6_I0_O)        0.097    12.706 r  core/pc_inst/regs_reg_r1_0_31_18_23_i_2/O
                         net (fo=3, routed)           0.443    13.149    core/rf/regs_reg_r3_0_31_18_23/DIA0
    SLICE_X80Y85         RAMD32                                       r  core/rf/regs_reg_r3_0_31_18_23/RAMA/I
  -------------------------------------------------------------------    -------------------

                         (clock clk_100MHz rise edge)
                                                     10.000    10.000 r  
    E3                                                0.000    10.000 r  clk_100MHz (IN)
                         net (fo=0)                   0.000    10.000    clk_100MHz
    E3                   IBUF (Prop_ibuf_I_O)         1.263    11.263 r  clk_100MHz_IBUF_inst/O
                         net (fo=1, routed)           1.443    12.706    clk_100MHz_IBUF
    BUFGCTRL_X0Y16       BUFG (Prop_bufg_I_O)         0.072    12.778 r  clk_100MHz_IBUF_BUFG_inst/O
                         net (fo=742, routed)         1.212    13.990    core/rf/regs_reg_r3_0_31_18_23/WCLK
    SLICE_X80Y85         RAMD32                                       r  core/rf/regs_reg_r3_0_31_18_23/RAMA/CLK
                         clock pessimism              0.214    14.204    
                         clock uncertainty           -0.035    14.168    
    SLICE_X80Y85         RAMD32 (Setup_ramd32_CLK_I)
                                                     -0.121    14.047    core/rf/regs_reg_r3_0_31_18_23/RAMA
  -------------------------------------------------------------------
                         required time                         14.047    
                         arrival time                         -13.149    
  -------------------------------------------------------------------
                         slack                                  0.898    

Slack (MET) :             0.921ns  (required time - arrival time)
  Source:                 core/pc_inst/pc_reg[8]/C
                            (rising edge-triggered cell FDCE clocked by clk_100MHz  {rise@0.000ns fall@5.000ns period=10.000ns})
  Destination:            core/pc_inst/pc_reg[30]/D
                            (rising edge-triggered cell FDCE clocked by clk_100MHz  {rise@0.000ns fall@5.000ns period=10.000ns})
  Path Group:             clk_100MHz
  Path Type:              Setup (Max at Slow Process Corner)
  Requirement:            10.000ns  (clk_100MHz rise@10.000ns - clk_100MHz rise@0.000ns)
  Data Path Delay:        9.083ns  (logic 3.155ns (34.736%)  route 5.928ns (65.264%))
  Logic Levels:           19  (CARRY4=10 LUT4=1 LUT5=2 LUT6=5 RAMD32=1)
  Clock Path Skew:        -0.017ns (DCD - SCD + CPR)
    Destination Clock Delay (DCD):    3.993ns = ( 13.993 - 10.000 ) 
    Source Clock Delay      (SCD):    4.242ns
    Clock Pessimism Removal (CPR):    0.232ns
  Clock Uncertainty:      0.035ns  ((TSJ^2 + TIJ^2)^1/2 + DJ) / 2 + PE
    Total System Jitter     (TSJ):    0.071ns
    Total Input Jitter      (TIJ):    0.000ns
    Discrete Jitter          (DJ):    0.000ns
    Phase Error              (PE):    0.000ns

    Location             Delay type                Incr(ns)  Path(ns)    Netlist Resource(s)
  -------------------------------------------------------------------    -------------------
                         (clock clk_100MHz rise edge)
                                                      0.000     0.000 r  
    E3                                                0.000     0.000 r  clk_100MHz (IN)
                         net (fo=0)                   0.000     0.000    clk_100MHz
    E3                   IBUF (Prop_ibuf_I_O)         1.330     1.330 r  clk_100MHz_IBUF_inst/O
                         net (fo=1, routed)           1.525     2.855    clk_100MHz_IBUF
    BUFGCTRL_X0Y16       BUFG (Prop_bufg_I_O)         0.076     2.931 r  clk_100MHz_IBUF_BUFG_inst/O
                         net (fo=742, routed)         1.311     4.242    core/pc_inst/clk_100MHz_IBUF_BUFG
    SLICE_X83Y77         FDCE                                         r  core/pc_inst/pc_reg[8]/C
  -------------------------------------------------------------------    -------------------
    SLICE_X83Y77         FDCE (Prop_fdce_C_Q)         0.341     4.583 f  core/pc_inst/pc_reg[8]/Q
                         net (fo=3, routed)           0.773     5.355    core/pc_inst/sel[6]
    SLICE_X81Y77         LUT6 (Prop_lut6_I0_O)        0.097     5.452 r  core/pc_inst/mem_reg_0_255_0_0_i_11/O
                         net (fo=104, routed)         0.433     5.885    core/pc_inst/mem_reg_0_255_0_0_i_11_n_0
    SLICE_X81Y75         LUT5 (Prop_lut5_I2_O)        0.097     5.982 r  core/pc_inst/regs_reg_r2_0_31_0_5_i_2/O
                         net (fo=69, routed)          0.641     6.623    core/rf/regs_reg_r2_0_31_0_5/ADDRA2
    SLICE_X80Y77         RAMD32 (Prop_ramd32_RADR2_O)
                                                      0.097     6.720 r  core/rf/regs_reg_r2_0_31_0_5/RAMA_D1/O
                         net (fo=2, routed)           0.597     7.317    core/pc_inst/read_data21[1]
    SLICE_X81Y75         LUT6 (Prop_lut6_I0_O)        0.097     7.414 r  core/pc_inst/led_OBUF[3]_inst_i_2/O
                         net (fo=4, routed)           0.550     7.964    core/pc_inst/led_OBUF[3]_inst_i_2_n_0
    SLICE_X82Y75         LUT4 (Prop_lut4_I0_O)        0.097     8.061 r  core/pc_inst/i__carry_i_8/O
                         net (fo=1, routed)           0.000     8.061    core/alu_inst/S[1]
    SLICE_X82Y75         CARRY4 (Prop_carry4_S[1]_CO[3])
                                                      0.412     8.473 r  core/alu_inst/_inferred__0/i__carry/CO[3]
                         net (fo=1, routed)           0.000     8.473    core/alu_inst/_inferred__0/i__carry_n_0
    SLICE_X82Y76         CARRY4 (Prop_carry4_CI_O[3])
                                                      0.234     8.707 f  core/alu_inst/_inferred__0/i__carry__0/O[3]
                         net (fo=6, routed)           0.418     9.125    core/pc_inst/data0[7]
    SLICE_X81Y75         LUT6 (Prop_lut6_I5_O)        0.234     9.359 f  core/pc_inst/led_OBUF[9]_inst_i_1/O
                         net (fo=35, routed)          0.972    10.331    core/pc_inst/pc_reg[19]_2[5]
    SLICE_X82Y83         LUT5 (Prop_lut5_I4_O)        0.113    10.444 f  core/pc_inst/pc[19]_i_23/O
                         net (fo=1, routed)           0.490    10.934    core/pc_inst/pc[19]_i_23_n_0
    SLICE_X83Y83         LUT6 (Prop_lut6_I4_O)        0.239    11.173 f  core/pc_inst/pc[19]_i_8/O
                         net (fo=9, routed)           0.655    11.828    core/pc_inst/pc[19]_i_8_n_0
    SLICE_X82Y74         LUT6 (Prop_lut6_I1_O)        0.097    11.925 r  core/pc_inst/pc[3]_i_2/O
                         net (fo=1, routed)           0.399    12.324    core/pc_inst/pc[3]_i_2_n_0
    SLICE_X83Y75         CARRY4 (Prop_carry4_DI[3]_CO[3])
                                                      0.285    12.609 r  core/pc_inst/pc_reg[3]_i_1/CO[3]
                         net (fo=1, routed)           0.000    12.609    core/pc_inst/pc_reg[3]_i_1_n_0
    SLICE_X83Y76         CARRY4 (Prop_carry4_CI_CO[3])
                                                      0.089    12.698 r  core/pc_inst/pc_reg[7]_i_1/CO[3]
                         net (fo=1, routed)           0.000    12.698    core/pc_inst/pc_reg[7]_i_1_n_0
    SLICE_X83Y77         CARRY4 (Prop_carry4_CI_CO[3])
                                                      0.089    12.787 r  core/pc_inst/pc_reg[11]_i_1/CO[3]
                         net (fo=1, routed)           0.000    12.787    core/pc_inst/pc_reg[11]_i_1_n_0
    SLICE_X83Y78         CARRY4 (Prop_carry4_CI_CO[3])
                                                      0.089    12.876 r  core/pc_inst/pc_reg[15]_i_1/CO[3]
                         net (fo=1, routed)           0.000    12.876    core/pc_inst/pc_reg[15]_i_1_n_0
    SLICE_X83Y79         CARRY4 (Prop_carry4_CI_CO[3])
                                                      0.089    12.965 r  core/pc_inst/pc_reg[19]_i_1/CO[3]
                         net (fo=1, routed)           0.000    12.965    core/pc_inst/pc_reg[19]_i_1_n_0
    SLICE_X83Y80         CARRY4 (Prop_carry4_CI_CO[3])
                                                      0.089    13.054 r  core/pc_inst/pc_reg[23]_i_1/CO[3]
                         net (fo=1, routed)           0.000    13.054    core/pc_inst/pc_reg[23]_i_1_n_0
    SLICE_X83Y81         CARRY4 (Prop_carry4_CI_CO[3])
                                                      0.089    13.143 r  core/pc_inst/pc_reg[27]_i_1/CO[3]
                         net (fo=1, routed)           0.000    13.143    core/pc_inst/pc_reg[27]_i_1_n_0
    SLICE_X83Y82         CARRY4 (Prop_carry4_CI_O[2])
                                                      0.181    13.324 r  core/pc_inst/pc_reg[31]_i_1/O[2]
                         net (fo=1, routed)           0.000    13.324    core/pc_inst/pc_reg[31]_i_1_n_5
    SLICE_X83Y82         FDCE                                         r  core/pc_inst/pc_reg[30]/D
  -------------------------------------------------------------------    -------------------

                         (clock clk_100MHz rise edge)
                                                     10.000    10.000 r  
    E3                                                0.000    10.000 r  clk_100MHz (IN)
                         net (fo=0)                   0.000    10.000    clk_100MHz
    E3                   IBUF (Prop_ibuf_I_O)         1.263    11.263 r  clk_100MHz_IBUF_inst/O
                         net (fo=1, routed)           1.443    12.706    clk_100MHz_IBUF
    BUFGCTRL_X0Y16       BUFG (Prop_bufg_I_O)         0.072    12.778 r  clk_100MHz_IBUF_BUFG_inst/O
                         net (fo=742, routed)         1.215    13.993    core/pc_inst/clk_100MHz_IBUF_BUFG
    SLICE_X83Y82         FDCE                                         r  core/pc_inst/pc_reg[30]/C
                         clock pessimism              0.232    14.225    
                         clock uncertainty           -0.035    14.189    
    SLICE_X83Y82         FDCE (Setup_fdce_C_D)        0.056    14.245    core/pc_inst/pc_reg[30]
  -------------------------------------------------------------------
                         required time                         14.245    
                         arrival time                         -13.324    
  -------------------------------------------------------------------
                         slack                                  0.921    

Slack (MET) :             0.943ns  (required time - arrival time)
  Source:                 core/pc_inst/pc_reg[8]/C
                            (rising edge-triggered cell FDCE clocked by clk_100MHz  {rise@0.000ns fall@5.000ns period=10.000ns})
  Destination:            core/pc_inst/pc_reg[28]/D
                            (rising edge-triggered cell FDCE clocked by clk_100MHz  {rise@0.000ns fall@5.000ns period=10.000ns})
  Path Group:             clk_100MHz
  Path Type:              Setup (Max at Slow Process Corner)
  Requirement:            10.000ns  (clk_100MHz rise@10.000ns - clk_100MHz rise@0.000ns)
  Data Path Delay:        9.061ns  (logic 3.133ns (34.577%)  route 5.928ns (65.423%))
  Logic Levels:           19  (CARRY4=10 LUT4=1 LUT5=2 LUT6=5 RAMD32=1)
  Clock Path Skew:        -0.017ns (DCD - SCD + CPR)
    Destination Clock Delay (DCD):    3.993ns = ( 13.993 - 10.000 ) 
    Source Clock Delay      (SCD):    4.242ns
    Clock Pessimism Removal (CPR):    0.232ns
  Clock Uncertainty:      0.035ns  ((TSJ^2 + TIJ^2)^1/2 + DJ) / 2 + PE
    Total System Jitter     (TSJ):    0.071ns
    Total Input Jitter      (TIJ):    0.000ns
    Discrete Jitter          (DJ):    0.000ns
    Phase Error              (PE):    0.000ns

    Location             Delay type                Incr(ns)  Path(ns)    Netlist Resource(s)
  -------------------------------------------------------------------    -------------------
                         (clock clk_100MHz rise edge)
                                                      0.000     0.000 r  
    E3                                                0.000     0.000 r  clk_100MHz (IN)
                         net (fo=0)                   0.000     0.000    clk_100MHz
    E3                   IBUF (Prop_ibuf_I_O)         1.330     1.330 r  clk_100MHz_IBUF_inst/O
                         net (fo=1, routed)           1.525     2.855    clk_100MHz_IBUF
    BUFGCTRL_X0Y16       BUFG (Prop_bufg_I_O)         0.076     2.931 r  clk_100MHz_IBUF_BUFG_inst/O
                         net (fo=742, routed)         1.311     4.242    core/pc_inst/clk_100MHz_IBUF_BUFG
    SLICE_X83Y77         FDCE                                         r  core/pc_inst/pc_reg[8]/C
  -------------------------------------------------------------------    -------------------
    SLICE_X83Y77         FDCE (Prop_fdce_C_Q)         0.341     4.583 f  core/pc_inst/pc_reg[8]/Q
                         net (fo=3, routed)           0.773     5.355    core/pc_inst/sel[6]
    SLICE_X81Y77         LUT6 (Prop_lut6_I0_O)        0.097     5.452 r  core/pc_inst/mem_reg_0_255_0_0_i_11/O
                         net (fo=104, routed)         0.433     5.885    core/pc_inst/mem_reg_0_255_0_0_i_11_n_0
    SLICE_X81Y75         LUT5 (Prop_lut5_I2_O)        0.097     5.982 r  core/pc_inst/regs_reg_r2_0_31_0_5_i_2/O
                         net (fo=69, routed)          0.641     6.623    core/rf/regs_reg_r2_0_31_0_5/ADDRA2
    SLICE_X80Y77         RAMD32 (Prop_ramd32_RADR2_O)
                                                      0.097     6.720 r  core/rf/regs_reg_r2_0_31_0_5/RAMA_D1/O
                         net (fo=2, routed)           0.597     7.317    core/pc_inst/read_data21[1]
    SLICE_X81Y75         LUT6 (Prop_lut6_I0_O)        0.097     7.414 r  core/pc_inst/led_OBUF[3]_inst_i_2/O
                         net (fo=4, routed)           0.550     7.964    core/pc_inst/led_OBUF[3]_inst_i_2_n_0
    SLICE_X82Y75         LUT4 (Prop_lut4_I0_O)        0.097     8.061 r  core/pc_inst/i__carry_i_8/O
                         net (fo=1, routed)           0.000     8.061    core/alu_inst/S[1]
    SLICE_X82Y75         CARRY4 (Prop_carry4_S[1]_CO[3])
                                                      0.412     8.473 r  core/alu_inst/_inferred__0/i__carry/CO[3]
                         net (fo=1, routed)           0.000     8.473    core/alu_inst/_inferred__0/i__carry_n_0
    SLICE_X82Y76         CARRY4 (Prop_carry4_CI_O[3])
                                                      0.234     8.707 f  core/alu_inst/_inferred__0/i__carry__0/O[3]
                         net (fo=6, routed)           0.418     9.125    core/pc_inst/data0[7]
    SLICE_X81Y75         LUT6 (Prop_lut6_I5_O)        0.234     9.359 f  core/pc_inst/led_OBUF[9]_inst_i_1/O
                         net (fo=35, routed)          0.972    10.331    core/pc_inst/pc_reg[19]_2[5]
    SLICE_X82Y83         LUT5 (Prop_lut5_I4_O)        0.113    10.444 f  core/pc_inst/pc[19]_i_23/O
                         net (fo=1, routed)           0.490    10.934    core/pc_inst/pc[19]_i_23_n_0
    SLICE_X83Y83         LUT6 (Prop_lut6_I4_O)        0.239    11.173 f  core/pc_inst/pc[19]_i_8/O
                         net (fo=9, routed)           0.655    11.828    core/pc_inst/pc[19]_i_8_n_0
    SLICE_X82Y74         LUT6 (Prop_lut6_I1_O)        0.097    11.925 r  core/pc_inst/pc[3]_i_2/O
                         net (fo=1, routed)           0.399    12.324    core/pc_inst/pc[3]_i_2_n_0
    SLICE_X83Y75         CARRY4 (Prop_carry4_DI[3]_CO[3])
                                                      0.285    12.609 r  core/pc_inst/pc_reg[3]_i_1/CO[3]
                         net (fo=1, routed)           0.000    12.609    core/pc_inst/pc_reg[3]_i_1_n_0
    SLICE_X83Y76         CARRY4 (Prop_carry4_CI_CO[3])
                                                      0.089    12.698 r  core/pc_inst/pc_reg[7]_i_1/CO[3]
                         net (fo=1, routed)           0.000    12.698    core/pc_inst/pc_reg[7]_i_1_n_0
    SLICE_X83Y77         CARRY4 (Prop_carry4_CI_CO[3])
                                                      0.089    12.787 r  core/pc_inst/pc_reg[11]_i_1/CO[3]
                         net (fo=1, routed)           0.000    12.787    core/pc_inst/pc_reg[11]_i_1_n_0
    SLICE_X83Y78         CARRY4 (Prop_carry4_CI_CO[3])
                                                      0.089    12.876 r  core/pc_inst/pc_reg[15]_i_1/CO[3]
                         net (fo=1, routed)           0.000    12.876    core/pc_inst/pc_reg[15]_i_1_n_0
    SLICE_X83Y79         CARRY4 (Prop_carry4_CI_CO[3])
                                                      0.089    12.965 r  core/pc_inst/pc_reg[19]_i_1/CO[3]
                         net (fo=1, routed)           0.000    12.965    core/pc_inst/pc_reg[19]_i_1_n_0
    SLICE_X83Y80         CARRY4 (Prop_carry4_CI_CO[3])
                                                      0.089    13.054 r  core/pc_inst/pc_reg[23]_i_1/CO[3]
                         net (fo=1, routed)           0.000    13.054    core/pc_inst/pc_reg[23]_i_1_n_0
    SLICE_X83Y81         CARRY4 (Prop_carry4_CI_CO[3])
                                                      0.089    13.143 r  core/pc_inst/pc_reg[27]_i_1/CO[3]
                         net (fo=1, routed)           0.000    13.143    core/pc_inst/pc_reg[27]_i_1_n_0
    SLICE_X83Y82         CARRY4 (Prop_carry4_CI_O[0])
                                                      0.159    13.302 r  core/pc_inst/pc_reg[31]_i_1/O[0]
                         net (fo=1, routed)           0.000    13.302    core/pc_inst/pc_reg[31]_i_1_n_7
    SLICE_X83Y82         FDCE                                         r  core/pc_inst/pc_reg[28]/D
  -------------------------------------------------------------------    -------------------

                         (clock clk_100MHz rise edge)
                                                     10.000    10.000 r  
    E3                                                0.000    10.000 r  clk_100MHz (IN)
                         net (fo=0)                   0.000    10.000    clk_100MHz
    E3                   IBUF (Prop_ibuf_I_O)         1.263    11.263 r  clk_100MHz_IBUF_inst/O
                         net (fo=1, routed)           1.443    12.706    clk_100MHz_IBUF
    BUFGCTRL_X0Y16       BUFG (Prop_bufg_I_O)         0.072    12.778 r  clk_100MHz_IBUF_BUFG_inst/O
                         net (fo=742, routed)         1.215    13.993    core/pc_inst/clk_100MHz_IBUF_BUFG
    SLICE_X83Y82         FDCE                                         r  core/pc_inst/pc_reg[28]/C
                         clock pessimism              0.232    14.225    
                         clock uncertainty           -0.035    14.189    
    SLICE_X83Y82         FDCE (Setup_fdce_C_D)        0.056    14.245    core/pc_inst/pc_reg[28]
  -------------------------------------------------------------------
                         required time                         14.245    
                         arrival time                         -13.302    
  -------------------------------------------------------------------
                         slack                                  0.943    

Slack (MET) :             0.944ns  (required time - arrival time)
  Source:                 core/pc_inst/pc_reg[8]/C
                            (rising edge-triggered cell FDCE clocked by clk_100MHz  {rise@0.000ns fall@5.000ns period=10.000ns})
  Destination:            core/rf/regs_reg_r1_0_31_18_23/RAMC_D1/I
                            (rising edge-triggered cell RAMD32 clocked by clk_100MHz  {rise@0.000ns fall@5.000ns period=10.000ns})
  Path Group:             clk_100MHz
  Path Type:              Setup (Max at Slow Process Corner)
  Requirement:            10.000ns  (clk_100MHz rise@10.000ns - clk_100MHz rise@0.000ns)
  Data Path Delay:        8.796ns  (logic 2.302ns (26.171%)  route 6.494ns (73.829%))
  Logic Levels:           13  (CARRY4=2 LUT4=1 LUT5=1 LUT6=5 MUXF7=1 MUXF8=1 RAMD32=1 RAMS64E=1)
  Clock Path Skew:        -0.039ns (DCD - SCD + CPR)
    Destination Clock Delay (DCD):    3.989ns = ( 13.989 - 10.000 ) 
    Source Clock Delay      (SCD):    4.242ns
    Clock Pessimism Removal (CPR):    0.214ns
  Clock Uncertainty:      0.035ns  ((TSJ^2 + TIJ^2)^1/2 + DJ) / 2 + PE
    Total System Jitter     (TSJ):    0.071ns
    Total Input Jitter      (TIJ):    0.000ns
    Discrete Jitter          (DJ):    0.000ns
    Phase Error              (PE):    0.000ns

    Location             Delay type                Incr(ns)  Path(ns)    Netlist Resource(s)
  -------------------------------------------------------------------    -------------------
                         (clock clk_100MHz rise edge)
                                                      0.000     0.000 r  
    E3                                                0.000     0.000 r  clk_100MHz (IN)
                         net (fo=0)                   0.000     0.000    clk_100MHz
    E3                   IBUF (Prop_ibuf_I_O)         1.330     1.330 r  clk_100MHz_IBUF_inst/O
                         net (fo=1, routed)           1.525     2.855    clk_100MHz_IBUF
    BUFGCTRL_X0Y16       BUFG (Prop_bufg_I_O)         0.076     2.931 r  clk_100MHz_IBUF_BUFG_inst/O
                         net (fo=742, routed)         1.311     4.242    core/pc_inst/clk_100MHz_IBUF_BUFG
    SLICE_X83Y77         FDCE                                         r  core/pc_inst/pc_reg[8]/C
  -------------------------------------------------------------------    -------------------
    SLICE_X83Y77         FDCE (Prop_fdce_C_Q)         0.341     4.583 f  core/pc_inst/pc_reg[8]/Q
                         net (fo=3, routed)           0.773     5.355    core/pc_inst/sel[6]
    SLICE_X81Y77         LUT6 (Prop_lut6_I0_O)        0.097     5.452 r  core/pc_inst/mem_reg_0_255_0_0_i_11/O
                         net (fo=104, routed)         0.433     5.885    core/pc_inst/mem_reg_0_255_0_0_i_11_n_0
    SLICE_X81Y75         LUT5 (Prop_lut5_I2_O)        0.097     5.982 r  core/pc_inst/regs_reg_r2_0_31_0_5_i_2/O
                         net (fo=69, routed)          0.641     6.623    core/rf/regs_reg_r2_0_31_0_5/ADDRA2
    SLICE_X80Y77         RAMD32 (Prop_ramd32_RADR2_O)
                                                      0.097     6.720 r  core/rf/regs_reg_r2_0_31_0_5/RAMA_D1/O
                         net (fo=2, routed)           0.597     7.317    core/pc_inst/read_data21[1]
    SLICE_X81Y75         LUT6 (Prop_lut6_I0_O)        0.097     7.414 r  core/pc_inst/led_OBUF[3]_inst_i_2/O
                         net (fo=4, routed)           0.550     7.964    core/pc_inst/led_OBUF[3]_inst_i_2_n_0
    SLICE_X82Y75         LUT4 (Prop_lut4_I0_O)        0.097     8.061 r  core/pc_inst/i__carry_i_8/O
                         net (fo=1, routed)           0.000     8.061    core/alu_inst/S[1]
    SLICE_X82Y75         CARRY4 (Prop_carry4_S[1]_CO[3])
                                                      0.412     8.473 r  core/alu_inst/_inferred__0/i__carry/CO[3]
                         net (fo=1, routed)           0.000     8.473    core/alu_inst/_inferred__0/i__carry_n_0
    SLICE_X82Y76         CARRY4 (Prop_carry4_CI_O[0])
                                                      0.159     8.632 r  core/alu_inst/_inferred__0/i__carry__0/O[0]
                         net (fo=6, routed)           0.597     9.228    core/pc_inst/data0[4]
    SLICE_X79Y79         LUT6 (Prop_lut6_I5_O)        0.224     9.452 r  core/pc_inst/mem_reg_0_255_18_18_i_7/O
                         net (fo=96, routed)          1.196    10.649    core/dmem/mem_reg_256_511_23_23/A2
    SLICE_X70Y80         RAMS64E (Prop_rams64e_ADR2_O)
                                                      0.097    10.746 r  core/dmem/mem_reg_256_511_23_23/RAMS64E_D/O
                         net (fo=1, routed)           0.000    10.746    core/dmem/mem_reg_256_511_23_23/OD
    SLICE_X70Y80         MUXF7 (Prop_muxf7_I0_O)      0.182    10.928 r  core/dmem/mem_reg_256_511_23_23/F7.B/O
                         net (fo=1, routed)           0.000    10.928    core/dmem/mem_reg_256_511_23_23/O0
    SLICE_X70Y80         MUXF8 (Prop_muxf8_I0_O)      0.075    11.003 r  core/dmem/mem_reg_256_511_23_23/F8/O
                         net (fo=1, routed)           0.786    11.789    core/dmem/mem_reg_256_511_23_23_n_0
    SLICE_X75Y79         LUT6 (Prop_lut6_I3_O)        0.230    12.019 r  core/dmem/regs_reg_r1_0_31_18_23_i_15/O
                         net (fo=1, routed)           0.431    12.450    core/pc_inst/pc_reg[3]_0[20]
    SLICE_X81Y80         LUT6 (Prop_lut6_I0_O)        0.097    12.547 r  core/pc_inst/regs_reg_r1_0_31_18_23_i_5/O
                         net (fo=3, routed)           0.491    13.037    core/rf/regs_reg_r1_0_31_18_23/DIC1
    SLICE_X80Y84         RAMD32                                       r  core/rf/regs_reg_r1_0_31_18_23/RAMC_D1/I
  -------------------------------------------------------------------    -------------------

                         (clock clk_100MHz rise edge)
                                                     10.000    10.000 r  
    E3                                                0.000    10.000 r  clk_100MHz (IN)
                         net (fo=0)                   0.000    10.000    clk_100MHz
    E3                   IBUF (Prop_ibuf_I_O)         1.263    11.263 r  clk_100MHz_IBUF_inst/O
                         net (fo=1, routed)           1.443    12.706    clk_100MHz_IBUF
    BUFGCTRL_X0Y16       BUFG (Prop_bufg_I_O)         0.072    12.778 r  clk_100MHz_IBUF_BUFG_inst/O
                         net (fo=742, routed)         1.211    13.989    core/rf/regs_reg_r1_0_31_18_23/WCLK
    SLICE_X80Y84         RAMD32                                       r  core/rf/regs_reg_r1_0_31_18_23/RAMC_D1/CLK
                         clock pessimism              0.214    14.203    
                         clock uncertainty           -0.035    14.167    
    SLICE_X80Y84         RAMD32 (Setup_ramd32_CLK_I)
                                                     -0.186    13.981    core/rf/regs_reg_r1_0_31_18_23/RAMC_D1
  -------------------------------------------------------------------
                         required time                         13.981    
                         arrival time                         -13.037    
  -------------------------------------------------------------------
                         slack                                  0.944    

Slack (MET) :             0.945ns  (required time - arrival time)
  Source:                 core/pc_inst/pc_reg[8]/C
                            (rising edge-triggered cell FDCE clocked by clk_100MHz  {rise@0.000ns fall@5.000ns period=10.000ns})
  Destination:            core/rf/regs_reg_r1_0_31_18_23/RAMA/I
                            (rising edge-triggered cell RAMD32 clocked by clk_100MHz  {rise@0.000ns fall@5.000ns period=10.000ns})
  Path Group:             clk_100MHz
  Path Type:              Setup (Max at Slow Process Corner)
  Requirement:            10.000ns  (clk_100MHz rise@10.000ns - clk_100MHz rise@0.000ns)
  Data Path Delay:        8.860ns  (logic 2.463ns (27.804%)  route 6.397ns (72.196%))
  Logic Levels:           13  (CARRY4=2 LUT4=1 LUT5=1 LUT6=5 MUXF7=1 MUXF8=1 RAMD32=1 RAMS64E=1)
  Clock Path Skew:        -0.039ns (DCD - SCD + CPR)
    Destination Clock Delay (DCD):    3.989ns = ( 13.989 - 10.000 ) 
    Source Clock Delay      (SCD):    4.242ns
    Clock Pessimism Removal (CPR):    0.214ns
  Clock Uncertainty:      0.035ns  ((TSJ^2 + TIJ^2)^1/2 + DJ) / 2 + PE
    Total System Jitter     (TSJ):    0.071ns
    Total Input Jitter      (TIJ):    0.000ns
    Discrete Jitter          (DJ):    0.000ns
    Phase Error              (PE):    0.000ns

    Location             Delay type                Incr(ns)  Path(ns)    Netlist Resource(s)
  -------------------------------------------------------------------    -------------------
                         (clock clk_100MHz rise edge)
                                                      0.000     0.000 r  
    E3                                                0.000     0.000 r  clk_100MHz (IN)
                         net (fo=0)                   0.000     0.000    clk_100MHz
    E3                   IBUF (Prop_ibuf_I_O)         1.330     1.330 r  clk_100MHz_IBUF_inst/O
                         net (fo=1, routed)           1.525     2.855    clk_100MHz_IBUF
    BUFGCTRL_X0Y16       BUFG (Prop_bufg_I_O)         0.076     2.931 r  clk_100MHz_IBUF_BUFG_inst/O
                         net (fo=742, routed)         1.311     4.242    core/pc_inst/clk_100MHz_IBUF_BUFG
    SLICE_X83Y77         FDCE                                         r  core/pc_inst/pc_reg[8]/C
  -------------------------------------------------------------------    -------------------
    SLICE_X83Y77         FDCE (Prop_fdce_C_Q)         0.341     4.583 f  core/pc_inst/pc_reg[8]/Q
                         net (fo=3, routed)           0.773     5.355    core/pc_inst/sel[6]
    SLICE_X81Y77         LUT6 (Prop_lut6_I0_O)        0.097     5.452 r  core/pc_inst/mem_reg_0_255_0_0_i_11/O
                         net (fo=104, routed)         0.433     5.885    core/pc_inst/mem_reg_0_255_0_0_i_11_n_0
    SLICE_X81Y75         LUT5 (Prop_lut5_I2_O)        0.097     5.982 r  core/pc_inst/regs_reg_r2_0_31_0_5_i_2/O
                         net (fo=69, routed)          0.641     6.623    core/rf/regs_reg_r2_0_31_0_5/ADDRA2
    SLICE_X80Y77         RAMD32 (Prop_ramd32_RADR2_O)
                                                      0.097     6.720 r  core/rf/regs_reg_r2_0_31_0_5/RAMA_D1/O
                         net (fo=2, routed)           0.597     7.317    core/pc_inst/read_data21[1]
    SLICE_X81Y75         LUT6 (Prop_lut6_I0_O)        0.097     7.414 r  core/pc_inst/led_OBUF[3]_inst_i_2/O
                         net (fo=4, routed)           0.550     7.964    core/pc_inst/led_OBUF[3]_inst_i_2_n_0
    SLICE_X82Y75         LUT4 (Prop_lut4_I0_O)        0.097     8.061 r  core/pc_inst/i__carry_i_8/O
                         net (fo=1, routed)           0.000     8.061    core/alu_inst/S[1]
    SLICE_X82Y75         CARRY4 (Prop_carry4_S[1]_CO[3])
                                                      0.412     8.473 r  core/alu_inst/_inferred__0/i__carry/CO[3]
                         net (fo=1, routed)           0.000     8.473    core/alu_inst/_inferred__0/i__carry_n_0
    SLICE_X82Y76         CARRY4 (Prop_carry4_CI_O[2])
                                                      0.181     8.654 r  core/alu_inst/_inferred__0/i__carry__0/O[2]
                         net (fo=6, routed)           0.733     9.387    core/pc_inst/data0[6]
    SLICE_X77Y82         LUT6 (Prop_lut6_I5_O)        0.230     9.617 r  core/pc_inst/mem_reg_0_255_18_18_i_5/O
                         net (fo=96, routed)          0.875    10.492    core/dmem/mem_reg_768_1023_18_18/A4
    SLICE_X66Y79         RAMS64E (Prop_rams64e_ADR4_O)
                                                      0.264    10.756 r  core/dmem/mem_reg_768_1023_18_18/RAMS64E_B/O
                         net (fo=1, routed)           0.000    10.756    core/dmem/mem_reg_768_1023_18_18/OB
    SLICE_X66Y79         MUXF7 (Prop_muxf7_I0_O)      0.156    10.912 r  core/dmem/mem_reg_768_1023_18_18/F7.A/O
                         net (fo=1, routed)           0.000    10.912    core/dmem/mem_reg_768_1023_18_18/O1
    SLICE_X66Y79         MUXF8 (Prop_muxf8_I1_O)      0.067    10.979 r  core/dmem/mem_reg_768_1023_18_18/F8/O
                         net (fo=1, routed)           0.906    11.885    core/dmem/mem_reg_768_1023_18_18_n_0
    SLICE_X77Y82         LUT6 (Prop_lut6_I0_O)        0.230    12.115 r  core/dmem/regs_reg_r1_0_31_18_23_i_9/O
                         net (fo=1, routed)           0.494    12.609    core/pc_inst/pc_reg[3]_0[15]
    SLICE_X81Y82         LUT6 (Prop_lut6_I0_O)        0.097    12.706 r  core/pc_inst/regs_reg_r1_0_31_18_23_i_2/O
                         net (fo=3, routed)           0.395    13.102    core/rf/regs_reg_r1_0_31_18_23/DIA0
    SLICE_X80Y84         RAMD32                                       r  core/rf/regs_reg_r1_0_31_18_23/RAMA/I
  -------------------------------------------------------------------    -------------------

                         (clock clk_100MHz rise edge)
                                                     10.000    10.000 r  
    E3                                                0.000    10.000 r  clk_100MHz (IN)
                         net (fo=0)                   0.000    10.000    clk_100MHz
    E3                   IBUF (Prop_ibuf_I_O)         1.263    11.263 r  clk_100MHz_IBUF_inst/O
                         net (fo=1, routed)           1.443    12.706    clk_100MHz_IBUF
    BUFGCTRL_X0Y16       BUFG (Prop_bufg_I_O)         0.072    12.778 r  clk_100MHz_IBUF_BUFG_inst/O
                         net (fo=742, routed)         1.211    13.989    core/rf/regs_reg_r1_0_31_18_23/WCLK
    SLICE_X80Y84         RAMD32                                       r  core/rf/regs_reg_r1_0_31_18_23/RAMA/CLK
                         clock pessimism              0.214    14.203    
                         clock uncertainty           -0.035    14.167    
    SLICE_X80Y84         RAMD32 (Setup_ramd32_CLK_I)
                                                     -0.121    14.046    core/rf/regs_reg_r1_0_31_18_23/RAMA
  -------------------------------------------------------------------
                         required time                         14.046    
                         arrival time                         -13.102    
  -------------------------------------------------------------------
                         slack                                  0.945    

Slack (MET) :             0.952ns  (required time - arrival time)
  Source:                 core/pc_inst/pc_reg[8]/C
                            (rising edge-triggered cell FDCE clocked by clk_100MHz  {rise@0.000ns fall@5.000ns period=10.000ns})
  Destination:            core/rf/regs_reg_r2_0_31_18_23/RAMA/I
                            (rising edge-triggered cell RAMD32 clocked by clk_100MHz  {rise@0.000ns fall@5.000ns period=10.000ns})
  Path Group:             clk_100MHz
  Path Type:              Setup (Max at Slow Process Corner)
  Requirement:            10.000ns  (clk_100MHz rise@10.000ns - clk_100MHz rise@0.000ns)
  Data Path Delay:        8.853ns  (logic 2.463ns (27.827%)  route 6.389ns (72.173%))
  Logic Levels:           13  (CARRY4=2 LUT4=1 LUT5=1 LUT6=5 MUXF7=1 MUXF8=1 RAMD32=1 RAMS64E=1)
  Clock Path Skew:        -0.039ns (DCD - SCD + CPR)
    Destination Clock Delay (DCD):    3.989ns = ( 13.989 - 10.000 ) 
    Source Clock Delay      (SCD):    4.242ns
    Clock Pessimism Removal (CPR):    0.214ns
  Clock Uncertainty:      0.035ns  ((TSJ^2 + TIJ^2)^1/2 + DJ) / 2 + PE
    Total System Jitter     (TSJ):    0.071ns
    Total Input Jitter      (TIJ):    0.000ns
    Discrete Jitter          (DJ):    0.000ns
    Phase Error              (PE):    0.000ns

    Location             Delay type                Incr(ns)  Path(ns)    Netlist Resource(s)
  -------------------------------------------------------------------    -------------------
                         (clock clk_100MHz rise edge)
                                                      0.000     0.000 r  
    E3                                                0.000     0.000 r  clk_100MHz (IN)
                         net (fo=0)                   0.000     0.000    clk_100MHz
    E3                   IBUF (Prop_ibuf_I_O)         1.330     1.330 r  clk_100MHz_IBUF_inst/O
                         net (fo=1, routed)           1.525     2.855    clk_100MHz_IBUF
    BUFGCTRL_X0Y16       BUFG (Prop_bufg_I_O)         0.076     2.931 r  clk_100MHz_IBUF_BUFG_inst/O
                         net (fo=742, routed)         1.311     4.242    core/pc_inst/clk_100MHz_IBUF_BUFG
    SLICE_X83Y77         FDCE                                         r  core/pc_inst/pc_reg[8]/C
  -------------------------------------------------------------------    -------------------
    SLICE_X83Y77         FDCE (Prop_fdce_C_Q)         0.341     4.583 f  core/pc_inst/pc_reg[8]/Q
                         net (fo=3, routed)           0.773     5.355    core/pc_inst/sel[6]
    SLICE_X81Y77         LUT6 (Prop_lut6_I0_O)        0.097     5.452 r  core/pc_inst/mem_reg_0_255_0_0_i_11/O
                         net (fo=104, routed)         0.433     5.885    core/pc_inst/mem_reg_0_255_0_0_i_11_n_0
    SLICE_X81Y75         LUT5 (Prop_lut5_I2_O)        0.097     5.982 r  core/pc_inst/regs_reg_r2_0_31_0_5_i_2/O
                         net (fo=69, routed)          0.641     6.623    core/rf/regs_reg_r2_0_31_0_5/ADDRA2
    SLICE_X80Y77         RAMD32 (Prop_ramd32_RADR2_O)
                                                      0.097     6.720 r  core/rf/regs_reg_r2_0_31_0_5/RAMA_D1/O
                         net (fo=2, routed)           0.597     7.317    core/pc_inst/read_data21[1]
    SLICE_X81Y75         LUT6 (Prop_lut6_I0_O)        0.097     7.414 r  core/pc_inst/led_OBUF[3]_inst_i_2/O
                         net (fo=4, routed)           0.550     7.964    core/pc_inst/led_OBUF[3]_inst_i_2_n_0
    SLICE_X82Y75         LUT4 (Prop_lut4_I0_O)        0.097     8.061 r  core/pc_inst/i__carry_i_8/O
                         net (fo=1, routed)           0.000     8.061    core/alu_inst/S[1]
    SLICE_X82Y75         CARRY4 (Prop_carry4_S[1]_CO[3])
                                                      0.412     8.473 r  core/alu_inst/_inferred__0/i__carry/CO[3]
                         net (fo=1, routed)           0.000     8.473    core/alu_inst/_inferred__0/i__carry_n_0
    SLICE_X82Y76         CARRY4 (Prop_carry4_CI_O[2])
                                                      0.181     8.654 r  core/alu_inst/_inferred__0/i__carry__0/O[2]
                         net (fo=6, routed)           0.733     9.387    core/pc_inst/data0[6]
    SLICE_X77Y82         LUT6 (Prop_lut6_I5_O)        0.230     9.617 r  core/pc_inst/mem_reg_0_255_18_18_i_5/O
                         net (fo=96, routed)          0.875    10.492    core/dmem/mem_reg_768_1023_18_18/A4
    SLICE_X66Y79         RAMS64E (Prop_rams64e_ADR4_O)
                                                      0.264    10.756 r  core/dmem/mem_reg_768_1023_18_18/RAMS64E_B/O
                         net (fo=1, routed)           0.000    10.756    core/dmem/mem_reg_768_1023_18_18/OB
    SLICE_X66Y79         MUXF7 (Prop_muxf7_I0_O)      0.156    10.912 r  core/dmem/mem_reg_768_1023_18_18/F7.A/O
                         net (fo=1, routed)           0.000    10.912    core/dmem/mem_reg_768_1023_18_18/O1
    SLICE_X66Y79         MUXF8 (Prop_muxf8_I1_O)      0.067    10.979 r  core/dmem/mem_reg_768_1023_18_18/F8/O
                         net (fo=1, routed)           0.906    11.885    core/dmem/mem_reg_768_1023_18_18_n_0
    SLICE_X77Y82         LUT6 (Prop_lut6_I0_O)        0.230    12.115 r  core/dmem/regs_reg_r1_0_31_18_23_i_9/O
                         net (fo=1, routed)           0.494    12.609    core/pc_inst/pc_reg[3]_0[15]
    SLICE_X81Y82         LUT6 (Prop_lut6_I0_O)        0.097    12.706 r  core/pc_inst/regs_reg_r1_0_31_18_23_i_2/O
                         net (fo=3, routed)           0.388    13.094    core/rf/regs_reg_r2_0_31_18_23/DIA0
    SLICE_X80Y83         RAMD32                                       r  core/rf/regs_reg_r2_0_31_18_23/RAMA/I
  -------------------------------------------------------------------    -------------------

                         (clock clk_100MHz rise edge)
                                                     10.000    10.000 r  
    E3                                                0.000    10.000 r  clk_100MHz (IN)
                         net (fo=0)                   0.000    10.000    clk_100MHz
    E3                   IBUF (Prop_ibuf_I_O)         1.263    11.263 r  clk_100MHz_IBUF_inst/O
                         net (fo=1, routed)           1.443    12.706    clk_100MHz_IBUF
    BUFGCTRL_X0Y16       BUFG (Prop_bufg_I_O)         0.072    12.778 r  clk_100MHz_IBUF_BUFG_inst/O
                         net (fo=742, routed)         1.211    13.989    core/rf/regs_reg_r2_0_31_18_23/WCLK
    SLICE_X80Y83         RAMD32                                       r  core/rf/regs_reg_r2_0_31_18_23/RAMA/CLK
                         clock pessimism              0.214    14.203    
                         clock uncertainty           -0.035    14.167    
    SLICE_X80Y83         RAMD32 (Setup_ramd32_CLK_I)
                                                     -0.121    14.046    core/rf/regs_reg_r2_0_31_18_23/RAMA
  -------------------------------------------------------------------
                         required time                         14.046    
                         arrival time                         -13.094    
  -------------------------------------------------------------------
                         slack                                  0.952    

Slack (MET) :             0.956ns  (required time - arrival time)
  Source:                 core/pc_inst/pc_reg[8]/C
                            (rising edge-triggered cell FDCE clocked by clk_100MHz  {rise@0.000ns fall@5.000ns period=10.000ns})
  Destination:            core/pc_inst/pc_reg[27]/D
                            (rising edge-triggered cell FDCE clocked by clk_100MHz  {rise@0.000ns fall@5.000ns period=10.000ns})
  Path Group:             clk_100MHz
  Path Type:              Setup (Max at Slow Process Corner)
  Requirement:            10.000ns  (clk_100MHz rise@10.000ns - clk_100MHz rise@0.000ns)
  Data Path Delay:        9.047ns  (logic 3.119ns (34.476%)  route 5.928ns (65.524%))
  Logic Levels:           18  (CARRY4=9 LUT4=1 LUT5=2 LUT6=5 RAMD32=1)
  Clock Path Skew:        -0.018ns (DCD - SCD + CPR)
    Destination Clock Delay (DCD):    3.992ns = ( 13.992 - 10.000 ) 
    Source Clock Delay      (SCD):    4.242ns
    Clock Pessimism Removal (CPR):    0.232ns
  Clock Uncertainty:      0.035ns  ((TSJ^2 + TIJ^2)^1/2 + DJ) / 2 + PE
    Total System Jitter     (TSJ):    0.071ns
    Total Input Jitter      (TIJ):    0.000ns
    Discrete Jitter          (DJ):    0.000ns
    Phase Error              (PE):    0.000ns

    Location             Delay type                Incr(ns)  Path(ns)    Netlist Resource(s)
  -------------------------------------------------------------------    -------------------
                         (clock clk_100MHz rise edge)
                                                      0.000     0.000 r  
    E3                                                0.000     0.000 r  clk_100MHz (IN)
                         net (fo=0)                   0.000     0.000    clk_100MHz
    E3                   IBUF (Prop_ibuf_I_O)         1.330     1.330 r  clk_100MHz_IBUF_inst/O
                         net (fo=1, routed)           1.525     2.855    clk_100MHz_IBUF
    BUFGCTRL_X0Y16       BUFG (Prop_bufg_I_O)         0.076     2.931 r  clk_100MHz_IBUF_BUFG_inst/O
                         net (fo=742, routed)         1.311     4.242    core/pc_inst/clk_100MHz_IBUF_BUFG
    SLICE_X83Y77         FDCE                                         r  core/pc_inst/pc_reg[8]/C
  -------------------------------------------------------------------    -------------------
    SLICE_X83Y77         FDCE (Prop_fdce_C_Q)         0.341     4.583 f  core/pc_inst/pc_reg[8]/Q
                         net (fo=3, routed)           0.773     5.355    core/pc_inst/sel[6]
    SLICE_X81Y77         LUT6 (Prop_lut6_I0_O)        0.097     5.452 r  core/pc_inst/mem_reg_0_255_0_0_i_11/O
                         net (fo=104, routed)         0.433     5.885    core/pc_inst/mem_reg_0_255_0_0_i_11_n_0
    SLICE_X81Y75         LUT5 (Prop_lut5_I2_O)        0.097     5.982 r  core/pc_inst/regs_reg_r2_0_31_0_5_i_2/O
                         net (fo=69, routed)          0.641     6.623    core/rf/regs_reg_r2_0_31_0_5/ADDRA2
    SLICE_X80Y77         RAMD32 (Prop_ramd32_RADR2_O)
                                                      0.097     6.720 r  core/rf/regs_reg_r2_0_31_0_5/RAMA_D1/O
                         net (fo=2, routed)           0.597     7.317    core/pc_inst/read_data21[1]
    SLICE_X81Y75         LUT6 (Prop_lut6_I0_O)        0.097     7.414 r  core/pc_inst/led_OBUF[3]_inst_i_2/O
                         net (fo=4, routed)           0.550     7.964    core/pc_inst/led_OBUF[3]_inst_i_2_n_0
    SLICE_X82Y75         LUT4 (Prop_lut4_I0_O)        0.097     8.061 r  core/pc_inst/i__carry_i_8/O
                         net (fo=1, routed)           0.000     8.061    core/alu_inst/S[1]
    SLICE_X82Y75         CARRY4 (Prop_carry4_S[1]_CO[3])
                                                      0.412     8.473 r  core/alu_inst/_inferred__0/i__carry/CO[3]
                         net (fo=1, routed)           0.000     8.473    core/alu_inst/_inferred__0/i__carry_n_0
    SLICE_X82Y76         CARRY4 (Prop_carry4_CI_O[3])
                                                      0.234     8.707 f  core/alu_inst/_inferred__0/i__carry__0/O[3]
                         net (fo=6, routed)           0.418     9.125    core/pc_inst/data0[7]
    SLICE_X81Y75         LUT6 (Prop_lut6_I5_O)        0.234     9.359 f  core/pc_inst/led_OBUF[9]_inst_i_1/O
                         net (fo=35, routed)          0.972    10.331    core/pc_inst/pc_reg[19]_2[5]
    SLICE_X82Y83         LUT5 (Prop_lut5_I4_O)        0.113    10.444 f  core/pc_inst/pc[19]_i_23/O
                         net (fo=1, routed)           0.490    10.934    core/pc_inst/pc[19]_i_23_n_0
    SLICE_X83Y83         LUT6 (Prop_lut6_I4_O)        0.239    11.173 f  core/pc_inst/pc[19]_i_8/O
                         net (fo=9, routed)           0.655    11.828    core/pc_inst/pc[19]_i_8_n_0
    SLICE_X82Y74         LUT6 (Prop_lut6_I1_O)        0.097    11.925 r  core/pc_inst/pc[3]_i_2/O
                         net (fo=1, routed)           0.399    12.324    core/pc_inst/pc[3]_i_2_n_0
    SLICE_X83Y75         CARRY4 (Prop_carry4_DI[3]_CO[3])
                                                      0.285    12.609 r  core/pc_inst/pc_reg[3]_i_1/CO[3]
                         net (fo=1, routed)           0.000    12.609    core/pc_inst/pc_reg[3]_i_1_n_0
    SLICE_X83Y76         CARRY4 (Prop_carry4_CI_CO[3])
                                                      0.089    12.698 r  core/pc_inst/pc_reg[7]_i_1/CO[3]
                         net (fo=1, routed)           0.000    12.698    core/pc_inst/pc_reg[7]_i_1_n_0
    SLICE_X83Y77         CARRY4 (Prop_carry4_CI_CO[3])
                                                      0.089    12.787 r  core/pc_inst/pc_reg[11]_i_1/CO[3]
                         net (fo=1, routed)           0.000    12.787    core/pc_inst/pc_reg[11]_i_1_n_0
    SLICE_X83Y78         CARRY4 (Prop_carry4_CI_CO[3])
                                                      0.089    12.876 r  core/pc_inst/pc_reg[15]_i_1/CO[3]
                         net (fo=1, routed)           0.000    12.876    core/pc_inst/pc_reg[15]_i_1_n_0
    SLICE_X83Y79         CARRY4 (Prop_carry4_CI_CO[3])
                                                      0.089    12.965 r  core/pc_inst/pc_reg[19]_i_1/CO[3]
                         net (fo=1, routed)           0.000    12.965    core/pc_inst/pc_reg[19]_i_1_n_0
    SLICE_X83Y80         CARRY4 (Prop_carry4_CI_CO[3])
                                                      0.089    13.054 r  core/pc_inst/pc_reg[23]_i_1/CO[3]
                         net (fo=1, routed)           0.000    13.054    core/pc_inst/pc_reg[23]_i_1_n_0
    SLICE_X83Y81         CARRY4 (Prop_carry4_CI_O[3])
                                                      0.234    13.288 r  core/pc_inst/pc_reg[27]_i_1/O[3]
                         net (fo=1, routed)           0.000    13.288    core/pc_inst/pc_reg[27]_i_1_n_4
    SLICE_X83Y81         FDCE                                         r  core/pc_inst/pc_reg[27]/D
  -------------------------------------------------------------------    -------------------

                         (clock clk_100MHz rise edge)
                                                     10.000    10.000 r  
    E3                                                0.000    10.000 r  clk_100MHz (IN)
                         net (fo=0)                   0.000    10.000    clk_100MHz
    E3                   IBUF (Prop_ibuf_I_O)         1.263    11.263 r  clk_100MHz_IBUF_inst/O
                         net (fo=1, routed)           1.443    12.706    clk_100MHz_IBUF
    BUFGCTRL_X0Y16       BUFG (Prop_bufg_I_O)         0.072    12.778 r  clk_100MHz_IBUF_BUFG_inst/O
                         net (fo=742, routed)         1.214    13.992    core/pc_inst/clk_100MHz_IBUF_BUFG
    SLICE_X83Y81         FDCE                                         r  core/pc_inst/pc_reg[27]/C
                         clock pessimism              0.232    14.224    
                         clock uncertainty           -0.035    14.188    
    SLICE_X83Y81         FDCE (Setup_fdce_C_D)        0.056    14.244    core/pc_inst/pc_reg[27]
  -------------------------------------------------------------------
                         required time                         14.244    
                         arrival time                         -13.288    
  -------------------------------------------------------------------
                         slack                                  0.956    

Slack (MET) :             0.960ns  (required time - arrival time)
  Source:                 core/pc_inst/pc_reg[8]/C
                            (rising edge-triggered cell FDCE clocked by clk_100MHz  {rise@0.000ns fall@5.000ns period=10.000ns})
  Destination:            core/pc_inst/pc_reg[25]/D
                            (rising edge-triggered cell FDCE clocked by clk_100MHz  {rise@0.000ns fall@5.000ns period=10.000ns})
  Path Group:             clk_100MHz
  Path Type:              Setup (Max at Slow Process Corner)
  Requirement:            10.000ns  (clk_100MHz rise@10.000ns - clk_100MHz rise@0.000ns)
  Data Path Delay:        9.043ns  (logic 3.115ns (34.447%)  route 5.928ns (65.553%))
  Logic Levels:           18  (CARRY4=9 LUT4=1 LUT5=2 LUT6=5 RAMD32=1)
  Clock Path Skew:        -0.018ns (DCD - SCD + CPR)
    Destination Clock Delay (DCD):    3.992ns = ( 13.992 - 10.000 ) 
    Source Clock Delay      (SCD):    4.242ns
    Clock Pessimism Removal (CPR):    0.232ns
  Clock Uncertainty:      0.035ns  ((TSJ^2 + TIJ^2)^1/2 + DJ) / 2 + PE
    Total System Jitter     (TSJ):    0.071ns
    Total Input Jitter      (TIJ):    0.000ns
    Discrete Jitter          (DJ):    0.000ns
    Phase Error              (PE):    0.000ns

    Location             Delay type                Incr(ns)  Path(ns)    Netlist Resource(s)
  -------------------------------------------------------------------    -------------------
                         (clock clk_100MHz rise edge)
                                                      0.000     0.000 r  
    E3                                                0.000     0.000 r  clk_100MHz (IN)
                         net (fo=0)                   0.000     0.000    clk_100MHz
    E3                   IBUF (Prop_ibuf_I_O)         1.330     1.330 r  clk_100MHz_IBUF_inst/O
                         net (fo=1, routed)           1.525     2.855    clk_100MHz_IBUF
    BUFGCTRL_X0Y16       BUFG (Prop_bufg_I_O)         0.076     2.931 r  clk_100MHz_IBUF_BUFG_inst/O
                         net (fo=742, routed)         1.311     4.242    core/pc_inst/clk_100MHz_IBUF_BUFG
    SLICE_X83Y77         FDCE                                         r  core/pc_inst/pc_reg[8]/C
  -------------------------------------------------------------------    -------------------
    SLICE_X83Y77         FDCE (Prop_fdce_C_Q)         0.341     4.583 f  core/pc_inst/pc_reg[8]/Q
                         net (fo=3, routed)           0.773     5.355    core/pc_inst/sel[6]
    SLICE_X81Y77         LUT6 (Prop_lut6_I0_O)        0.097     5.452 r  core/pc_inst/mem_reg_0_255_0_0_i_11/O
                         net (fo=104, routed)         0.433     5.885    core/pc_inst/mem_reg_0_255_0_0_i_11_n_0
    SLICE_X81Y75         LUT5 (Prop_lut5_I2_O)        0.097     5.982 r  core/pc_inst/regs_reg_r2_0_31_0_5_i_2/O
                         net (fo=69, routed)          0.641     6.623    core/rf/regs_reg_r2_0_31_0_5/ADDRA2
    SLICE_X80Y77         RAMD32 (Prop_ramd32_RADR2_O)
                                                      0.097     6.720 r  core/rf/regs_reg_r2_0_31_0_5/RAMA_D1/O
                         net (fo=2, routed)           0.597     7.317    core/pc_inst/read_data21[1]
    SLICE_X81Y75         LUT6 (Prop_lut6_I0_O)        0.097     7.414 r  core/pc_inst/led_OBUF[3]_inst_i_2/O
                         net (fo=4, routed)           0.550     7.964    core/pc_inst/led_OBUF[3]_inst_i_2_n_0
    SLICE_X82Y75         LUT4 (Prop_lut4_I0_O)        0.097     8.061 r  core/pc_inst/i__carry_i_8/O
                         net (fo=1, routed)           0.000     8.061    core/alu_inst/S[1]
    SLICE_X82Y75         CARRY4 (Prop_carry4_S[1]_CO[3])
                                                      0.412     8.473 r  core/alu_inst/_inferred__0/i__carry/CO[3]
                         net (fo=1, routed)           0.000     8.473    core/alu_inst/_inferred__0/i__carry_n_0
    SLICE_X82Y76         CARRY4 (Prop_carry4_CI_O[3])
                                                      0.234     8.707 f  core/alu_inst/_inferred__0/i__carry__0/O[3]
                         net (fo=6, routed)           0.418     9.125    core/pc_inst/data0[7]
    SLICE_X81Y75         LUT6 (Prop_lut6_I5_O)        0.234     9.359 f  core/pc_inst/led_OBUF[9]_inst_i_1/O
                         net (fo=35, routed)          0.972    10.331    core/pc_inst/pc_reg[19]_2[5]
    SLICE_X82Y83         LUT5 (Prop_lut5_I4_O)        0.113    10.444 f  core/pc_inst/pc[19]_i_23/O
                         net (fo=1, routed)           0.490    10.934    core/pc_inst/pc[19]_i_23_n_0
    SLICE_X83Y83         LUT6 (Prop_lut6_I4_O)        0.239    11.173 f  core/pc_inst/pc[19]_i_8/O
                         net (fo=9, routed)           0.655    11.828    core/pc_inst/pc[19]_i_8_n_0
    SLICE_X82Y74         LUT6 (Prop_lut6_I1_O)        0.097    11.925 r  core/pc_inst/pc[3]_i_2/O
                         net (fo=1, routed)           0.399    12.324    core/pc_inst/pc[3]_i_2_n_0
    SLICE_X83Y75         CARRY4 (Prop_carry4_DI[3]_CO[3])
                                                      0.285    12.609 r  core/pc_inst/pc_reg[3]_i_1/CO[3]
                         net (fo=1, routed)           0.000    12.609    core/pc_inst/pc_reg[3]_i_1_n_0
    SLICE_X83Y76         CARRY4 (Prop_carry4_CI_CO[3])
                                                      0.089    12.698 r  core/pc_inst/pc_reg[7]_i_1/CO[3]
                         net (fo=1, routed)           0.000    12.698    core/pc_inst/pc_reg[7]_i_1_n_0
    SLICE_X83Y77         CARRY4 (Prop_carry4_CI_CO[3])
                                                      0.089    12.787 r  core/pc_inst/pc_reg[11]_i_1/CO[3]
                         net (fo=1, routed)           0.000    12.787    core/pc_inst/pc_reg[11]_i_1_n_0
    SLICE_X83Y78         CARRY4 (Prop_carry4_CI_CO[3])
                                                      0.089    12.876 r  core/pc_inst/pc_reg[15]_i_1/CO[3]
                         net (fo=1, routed)           0.000    12.876    core/pc_inst/pc_reg[15]_i_1_n_0
    SLICE_X83Y79         CARRY4 (Prop_carry4_CI_CO[3])
                                                      0.089    12.965 r  core/pc_inst/pc_reg[19]_i_1/CO[3]
                         net (fo=1, routed)           0.000    12.965    core/pc_inst/pc_reg[19]_i_1_n_0
    SLICE_X83Y80         CARRY4 (Prop_carry4_CI_CO[3])
                                                      0.089    13.054 r  core/pc_inst/pc_reg[23]_i_1/CO[3]
                         net (fo=1, routed)           0.000    13.054    core/pc_inst/pc_reg[23]_i_1_n_0
    SLICE_X83Y81         CARRY4 (Prop_carry4_CI_O[1])
                                                      0.230    13.284 r  core/pc_inst/pc_reg[27]_i_1/O[1]
                         net (fo=1, routed)           0.000    13.284    core/pc_inst/pc_reg[27]_i_1_n_6
    SLICE_X83Y81         FDCE                                         r  core/pc_inst/pc_reg[25]/D
  -------------------------------------------------------------------    -------------------

                         (clock clk_100MHz rise edge)
                                                     10.000    10.000 r  
    E3                                                0.000    10.000 r  clk_100MHz (IN)
                         net (fo=0)                   0.000    10.000    clk_100MHz
    E3                   IBUF (Prop_ibuf_I_O)         1.263    11.263 r  clk_100MHz_IBUF_inst/O
                         net (fo=1, routed)           1.443    12.706    clk_100MHz_IBUF
    BUFGCTRL_X0Y16       BUFG (Prop_bufg_I_O)         0.072    12.778 r  clk_100MHz_IBUF_BUFG_inst/O
                         net (fo=742, routed)         1.214    13.992    core/pc_inst/clk_100MHz_IBUF_BUFG
    SLICE_X83Y81         FDCE                                         r  core/pc_inst/pc_reg[25]/C
                         clock pessimism              0.232    14.224    
                         clock uncertainty           -0.035    14.188    
    SLICE_X83Y81         FDCE (Setup_fdce_C_D)        0.056    14.244    core/pc_inst/pc_reg[25]
  -------------------------------------------------------------------
                         required time                         14.244    
                         arrival time                         -13.284    
  -------------------------------------------------------------------
                         slack                                  0.960    





Min Delay Paths
--------------------------------------------------------------------------------------
Slack (MET) :             0.230ns  (arrival time - required time)
  Source:                 reset_sync_reg_reg[0]/C
                            (rising edge-triggered cell FDRE clocked by clk_100MHz  {rise@0.000ns fall@5.000ns period=10.000ns})
  Destination:            reset_sync_reg_reg[1]/D
                            (rising edge-triggered cell FDRE clocked by clk_100MHz  {rise@0.000ns fall@5.000ns period=10.000ns})
  Path Group:             clk_100MHz
  Path Type:              Hold (Min at Fast Process Corner)
  Requirement:            0.000ns  (clk_100MHz rise@0.000ns - clk_100MHz rise@0.000ns)
  Data Path Delay:        0.315ns  (logic 0.141ns (44.812%)  route 0.174ns (55.188%))
  Logic Levels:           0  
  Clock Path Skew:        0.015ns (DCD - SCD - CPR)
    Destination Clock Delay (DCD):    2.041ns
    Source Clock Delay      (SCD):    1.524ns
    Clock Pessimism Removal (CPR):    0.501ns

    Location             Delay type                Incr(ns)  Path(ns)    Netlist Resource(s)
  -------------------------------------------------------------------    -------------------
                         (clock clk_100MHz rise edge)
                                                      0.000     0.000 r  
    E3                                                0.000     0.000 r  clk_100MHz (IN)
                         net (fo=0)                   0.000     0.000    clk_100MHz
    E3                   IBUF (Prop_ibuf_I_O)         0.250     0.250 r  clk_100MHz_IBUF_inst/O
                         net (fo=1, routed)           0.644     0.894    clk_100MHz_IBUF
    BUFGCTRL_X0Y16       BUFG (Prop_bufg_I_O)         0.026     0.920 r  clk_100MHz_IBUF_BUFG_inst/O
                         net (fo=742, routed)         0.605     1.524    clk_100MHz_IBUF_BUFG
    SLICE_X82Y92         FDRE                                         r  reset_sync_reg_reg[0]/C
  -------------------------------------------------------------------    -------------------
    SLICE_X82Y92         FDRE (Prop_fdre_C_Q)         0.141     1.665 r  reset_sync_reg_reg[0]/Q
                         net (fo=1, routed)           0.174     1.839    reset_sync_reg_reg_n_0_[0]
    SLICE_X82Y89         FDRE                                         r  reset_sync_reg_reg[1]/D
  -------------------------------------------------------------------    -------------------

                         (clock clk_100MHz rise edge)
                                                      0.000     0.000 r  
    E3                                                0.000     0.000 r  clk_100MHz (IN)
                         net (fo=0)                   0.000     0.000    clk_100MHz
    E3                   IBUF (Prop_ibuf_I_O)         0.438     0.438 r  clk_100MHz_IBUF_inst/O
                         net (fo=1, routed)           0.699     1.136    clk_100MHz_IBUF
    BUFGCTRL_X0Y16       BUFG (Prop_bufg_I_O)         0.029     1.165 r  clk_100MHz_IBUF_BUFG_inst/O
                         net (fo=742, routed)         0.876     2.041    clk_100MHz_IBUF_BUFG
    SLICE_X82Y89         FDRE                                         r  reset_sync_reg_reg[1]/C
                         clock pessimism             -0.501     1.539    
    SLICE_X82Y89         FDRE (Hold_fdre_C_D)         0.070     1.609    reset_sync_reg_reg[1]
  -------------------------------------------------------------------
                         required time                         -1.609    
                         arrival time                           1.839    
  -------------------------------------------------------------------
                         slack                                  0.230    

Slack (MET) :             0.253ns  (arrival time - required time)
  Source:                 disp/counter_reg[0]/C
                            (rising edge-triggered cell FDRE clocked by clk_100MHz  {rise@0.000ns fall@5.000ns period=10.000ns})
  Destination:            disp/digit_sel_reg[0]/D
                            (rising edge-triggered cell FDRE clocked by clk_100MHz  {rise@0.000ns fall@5.000ns period=10.000ns})
  Path Group:             clk_100MHz
  Path Type:              Hold (Min at Fast Process Corner)
  Requirement:            0.000ns  (clk_100MHz rise@0.000ns - clk_100MHz rise@0.000ns)
  Data Path Delay:        0.360ns  (logic 0.183ns (50.773%)  route 0.177ns (49.227%))
  Logic Levels:           1  (LUT3=1)
  Clock Path Skew:        0.000ns (DCD - SCD - CPR)
    Destination Clock Delay (DCD):    2.039ns
    Source Clock Delay      (SCD):    1.522ns
    Clock Pessimism Removal (CPR):    0.516ns

    Location             Delay type                Incr(ns)  Path(ns)    Netlist Resource(s)
  -------------------------------------------------------------------    -------------------
                         (clock clk_100MHz rise edge)
                                                      0.000     0.000 r  
    E3                                                0.000     0.000 r  clk_100MHz (IN)
                         net (fo=0)                   0.000     0.000    clk_100MHz
    E3                   IBUF (Prop_ibuf_I_O)         0.250     0.250 r  clk_100MHz_IBUF_inst/O
                         net (fo=1, routed)           0.644     0.894    clk_100MHz_IBUF
    BUFGCTRL_X0Y16       BUFG (Prop_bufg_I_O)         0.026     0.920 r  clk_100MHz_IBUF_BUFG_inst/O
                         net (fo=742, routed)         0.603     1.522    disp/clk_100MHz_IBUF_BUFG
    SLICE_X87Y85         FDRE                                         r  disp/counter_reg[0]/C
  -------------------------------------------------------------------    -------------------
    SLICE_X87Y85         FDRE (Prop_fdre_C_Q)         0.141     1.663 r  disp/counter_reg[0]/Q
                         net (fo=6, routed)           0.177     1.841    disp/counter[0]
    SLICE_X87Y85         LUT3 (Prop_lut3_I1_O)        0.042     1.883 r  disp/digit_sel[0]_i_1/O
                         net (fo=1, routed)           0.000     1.883    disp/digit_sel[0]_i_1_n_0
    SLICE_X87Y85         FDRE                                         r  disp/digit_sel_reg[0]/D
  -------------------------------------------------------------------    -------------------

                         (clock clk_100MHz rise edge)
                                                      0.000     0.000 r  
    E3                                                0.000     0.000 r  clk_100MHz (IN)
                         net (fo=0)                   0.000     0.000    clk_100MHz
    E3                   IBUF (Prop_ibuf_I_O)         0.438     0.438 r  clk_100MHz_IBUF_inst/O
                         net (fo=1, routed)           0.699     1.136    clk_100MHz_IBUF
    BUFGCTRL_X0Y16       BUFG (Prop_bufg_I_O)         0.029     1.165 r  clk_100MHz_IBUF_BUFG_inst/O
                         net (fo=742, routed)         0.874     2.039    disp/clk_100MHz_IBUF_BUFG
    SLICE_X87Y85         FDRE                                         r  disp/digit_sel_reg[0]/C
                         clock pessimism             -0.516     1.522    
    SLICE_X87Y85         FDRE (Hold_fdre_C_D)         0.107     1.629    disp/digit_sel_reg[0]
  -------------------------------------------------------------------
                         required time                         -1.629    
                         arrival time                           1.883    
  -------------------------------------------------------------------
                         slack                                  0.253    

Slack (MET) :             0.272ns  (arrival time - required time)
  Source:                 disp/counter_reg[0]/C
                            (rising edge-triggered cell FDRE clocked by clk_100MHz  {rise@0.000ns fall@5.000ns period=10.000ns})
  Destination:            disp/counter_reg[0]/D
                            (rising edge-triggered cell FDRE clocked by clk_100MHz  {rise@0.000ns fall@5.000ns period=10.000ns})
  Path Group:             clk_100MHz
  Path Type:              Hold (Min at Fast Process Corner)
  Requirement:            0.000ns  (clk_100MHz rise@0.000ns - clk_100MHz rise@0.000ns)
  Data Path Delay:        0.363ns  (logic 0.186ns (51.180%)  route 0.177ns (48.820%))
  Logic Levels:           1  (LUT2=1)
  Clock Path Skew:        0.000ns (DCD - SCD - CPR)
    Destination Clock Delay (DCD):    2.039ns
    Source Clock Delay      (SCD):    1.522ns
    Clock Pessimism Removal (CPR):    0.516ns

    Location             Delay type                Incr(ns)  Path(ns)    Netlist Resource(s)
  -------------------------------------------------------------------    -------------------
                         (clock clk_100MHz rise edge)
                                                      0.000     0.000 r  
    E3                                                0.000     0.000 r  clk_100MHz (IN)
                         net (fo=0)                   0.000     0.000    clk_100MHz
    E3                   IBUF (Prop_ibuf_I_O)         0.250     0.250 r  clk_100MHz_IBUF_inst/O
                         net (fo=1, routed)           0.644     0.894    clk_100MHz_IBUF
    BUFGCTRL_X0Y16       BUFG (Prop_bufg_I_O)         0.026     0.920 r  clk_100MHz_IBUF_BUFG_inst/O
                         net (fo=742, routed)         0.603     1.522    disp/clk_100MHz_IBUF_BUFG
    SLICE_X87Y85         FDRE                                         r  disp/counter_reg[0]/C
  -------------------------------------------------------------------    -------------------
    SLICE_X87Y85         FDRE (Prop_fdre_C_Q)         0.141     1.663 f  disp/counter_reg[0]/Q
                         net (fo=6, routed)           0.177     1.841    disp/counter[0]
    SLICE_X87Y85         LUT2 (Prop_lut2_I1_O)        0.045     1.886 r  disp/counter[0]_i_1/O
                         net (fo=1, routed)           0.000     1.886    disp/counter_0[0]
    SLICE_X87Y85         FDRE                                         r  disp/counter_reg[0]/D
  -------------------------------------------------------------------    -------------------

                         (clock clk_100MHz rise edge)
                                                      0.000     0.000 r  
    E3                                                0.000     0.000 r  clk_100MHz (IN)
                         net (fo=0)                   0.000     0.000    clk_100MHz
    E3                   IBUF (Prop_ibuf_I_O)         0.438     0.438 r  clk_100MHz_IBUF_inst/O
                         net (fo=1, routed)           0.699     1.136    clk_100MHz_IBUF
    BUFGCTRL_X0Y16       BUFG (Prop_bufg_I_O)         0.029     1.165 r  clk_100MHz_IBUF_BUFG_inst/O
                         net (fo=742, routed)         0.874     2.039    disp/clk_100MHz_IBUF_BUFG
    SLICE_X87Y85         FDRE                                         r  disp/counter_reg[0]/C
                         clock pessimism             -0.516     1.522    
    SLICE_X87Y85         FDRE (Hold_fdre_C_D)         0.091     1.613    disp/counter_reg[0]
  -------------------------------------------------------------------
                         required time                         -1.613    
                         arrival time                           1.886    
  -------------------------------------------------------------------
                         slack                                  0.272    

Slack (MET) :             0.310ns  (arrival time - required time)
  Source:                 disp/counter_reg[0]/C
                            (rising edge-triggered cell FDRE clocked by clk_100MHz  {rise@0.000ns fall@5.000ns period=10.000ns})
  Destination:            disp/counter_reg[1]/D
                            (rising edge-triggered cell FDRE clocked by clk_100MHz  {rise@0.000ns fall@5.000ns period=10.000ns})
  Path Group:             clk_100MHz
  Path Type:              Hold (Min at Fast Process Corner)
  Requirement:            0.000ns  (clk_100MHz rise@0.000ns - clk_100MHz rise@0.000ns)
  Data Path Delay:        0.430ns  (logic 0.288ns (66.925%)  route 0.142ns (33.075%))
  Logic Levels:           1  (CARRY4=1)
  Clock Path Skew:        0.015ns (DCD - SCD - CPR)
    Destination Clock Delay (DCD):    2.039ns
    Source Clock Delay      (SCD):    1.522ns
    Clock Pessimism Removal (CPR):    0.501ns

    Location             Delay type                Incr(ns)  Path(ns)    Netlist Resource(s)
  -------------------------------------------------------------------    -------------------
                         (clock clk_100MHz rise edge)
                                                      0.000     0.000 r  
    E3                                                0.000     0.000 r  clk_100MHz (IN)
                         net (fo=0)                   0.000     0.000    clk_100MHz
    E3                   IBUF (Prop_ibuf_I_O)         0.250     0.250 r  clk_100MHz_IBUF_inst/O
                         net (fo=1, routed)           0.644     0.894    clk_100MHz_IBUF
    BUFGCTRL_X0Y16       BUFG (Prop_bufg_I_O)         0.026     0.920 r  clk_100MHz_IBUF_BUFG_inst/O
                         net (fo=742, routed)         0.603     1.522    disp/clk_100MHz_IBUF_BUFG
    SLICE_X87Y85         FDRE                                         r  disp/counter_reg[0]/C
  -------------------------------------------------------------------    -------------------
    SLICE_X87Y85         FDRE (Prop_fdre_C_Q)         0.141     1.663 r  disp/counter_reg[0]/Q
                         net (fo=6, routed)           0.142     1.806    disp/counter[0]
    SLICE_X86Y86         CARRY4 (Prop_carry4_CYINIT_O[0])
                                                      0.147     1.953 r  disp/counter0_carry/O[0]
                         net (fo=1, routed)           0.000     1.953    disp/counter0_carry_n_7
    SLICE_X86Y86         FDRE                                         r  disp/counter_reg[1]/D
  -------------------------------------------------------------------    -------------------

                         (clock clk_100MHz rise edge)
                                                      0.000     0.000 r  
    E3                                                0.000     0.000 r  clk_100MHz (IN)
                         net (fo=0)                   0.000     0.000    clk_100MHz
    E3                   IBUF (Prop_ibuf_I_O)         0.438     0.438 r  clk_100MHz_IBUF_inst/O
                         net (fo=1, routed)           0.699     1.136    clk_100MHz_IBUF
    BUFGCTRL_X0Y16       BUFG (Prop_bufg_I_O)         0.029     1.165 r  clk_100MHz_IBUF_BUFG_inst/O
                         net (fo=742, routed)         0.874     2.039    disp/clk_100MHz_IBUF_BUFG
    SLICE_X86Y86         FDRE                                         r  disp/counter_reg[1]/C
                         clock pessimism             -0.501     1.537    
    SLICE_X86Y86         FDRE (Hold_fdre_C_D)         0.105     1.642    disp/counter_reg[1]
  -------------------------------------------------------------------
                         required time                         -1.642    
                         arrival time                           1.953    
  -------------------------------------------------------------------
                         slack                                  0.310    

Slack (MET) :             0.319ns  (arrival time - required time)
  Source:                 disp/digit_sel_reg[0]/C
                            (rising edge-triggered cell FDRE clocked by clk_100MHz  {rise@0.000ns fall@5.000ns period=10.000ns})
  Destination:            disp/digit_sel_reg[2]/D
                            (rising edge-triggered cell FDRE clocked by clk_100MHz  {rise@0.000ns fall@5.000ns period=10.000ns})
  Path Group:             clk_100MHz
  Path Type:              Hold (Min at Fast Process Corner)
  Requirement:            0.000ns  (clk_100MHz rise@0.000ns - clk_100MHz rise@0.000ns)
  Data Path Delay:        0.426ns  (logic 0.231ns (54.258%)  route 0.195ns (45.742%))
  Logic Levels:           1  (LUT5=1)
  Clock Path Skew:        0.000ns (DCD - SCD - CPR)
    Destination Clock Delay (DCD):    2.039ns
    Source Clock Delay      (SCD):    1.522ns
    Clock Pessimism Removal (CPR):    0.516ns

    Location             Delay type                Incr(ns)  Path(ns)    Netlist Resource(s)
  -------------------------------------------------------------------    -------------------
                         (clock clk_100MHz rise edge)
                                                      0.000     0.000 r  
    E3                                                0.000     0.000 r  clk_100MHz (IN)
                         net (fo=0)                   0.000     0.000    clk_100MHz
    E3                   IBUF (Prop_ibuf_I_O)         0.250     0.250 r  clk_100MHz_IBUF_inst/O
                         net (fo=1, routed)           0.644     0.894    clk_100MHz_IBUF
    BUFGCTRL_X0Y16       BUFG (Prop_bufg_I_O)         0.026     0.920 r  clk_100MHz_IBUF_BUFG_inst/O
                         net (fo=742, routed)         0.603     1.522    disp/clk_100MHz_IBUF_BUFG
    SLICE_X87Y85         FDRE                                         r  disp/digit_sel_reg[0]/C
  -------------------------------------------------------------------    -------------------
    SLICE_X87Y85         FDRE (Prop_fdre_C_Q)         0.128     1.650 r  disp/digit_sel_reg[0]/Q
                         net (fo=19, routed)          0.195     1.845    disp/digit_sel[0]
    SLICE_X87Y85         LUT5 (Prop_lut5_I2_O)        0.103     1.948 r  disp/digit_sel[2]_i_1/O
                         net (fo=1, routed)           0.000     1.948    disp/digit_sel[2]_i_1_n_0
    SLICE_X87Y85         FDRE                                         r  disp/digit_sel_reg[2]/D
  -------------------------------------------------------------------    -------------------

                         (clock clk_100MHz rise edge)
                                                      0.000     0.000 r  
    E3                                                0.000     0.000 r  clk_100MHz (IN)
                         net (fo=0)                   0.000     0.000    clk_100MHz
    E3                   IBUF (Prop_ibuf_I_O)         0.438     0.438 r  clk_100MHz_IBUF_inst/O
                         net (fo=1, routed)           0.699     1.136    clk_100MHz_IBUF
    BUFGCTRL_X0Y16       BUFG (Prop_bufg_I_O)         0.029     1.165 r  clk_100MHz_IBUF_BUFG_inst/O
                         net (fo=742, routed)         0.874     2.039    disp/clk_100MHz_IBUF_BUFG
    SLICE_X87Y85         FDRE                                         r  disp/digit_sel_reg[2]/C
                         clock pessimism             -0.516     1.522    
    SLICE_X87Y85         FDRE (Hold_fdre_C_D)         0.107     1.629    disp/digit_sel_reg[2]
  -------------------------------------------------------------------
                         required time                         -1.629    
                         arrival time                           1.948    
  -------------------------------------------------------------------
                         slack                                  0.319    

Slack (MET) :             0.327ns  (arrival time - required time)
  Source:                 disp/counter_reg[2]/C
                            (rising edge-triggered cell FDRE clocked by clk_100MHz  {rise@0.000ns fall@5.000ns period=10.000ns})
  Destination:            disp/counter_reg[2]/D
                            (rising edge-triggered cell FDRE clocked by clk_100MHz  {rise@0.000ns fall@5.000ns period=10.000ns})
  Path Group:             clk_100MHz
  Path Type:              Hold (Min at Fast Process Corner)
  Requirement:            0.000ns  (clk_100MHz rise@0.000ns - clk_100MHz rise@0.000ns)
  Data Path Delay:        0.432ns  (logic 0.251ns (58.090%)  route 0.181ns (41.910%))
  Logic Levels:           1  (CARRY4=1)
  Clock Path Skew:        0.000ns (DCD - SCD - CPR)
    Destination Clock Delay (DCD):    2.039ns
    Source Clock Delay      (SCD):    1.522ns
    Clock Pessimism Removal (CPR):    0.516ns

    Location             Delay type                Incr(ns)  Path(ns)    Netlist Resource(s)
  -------------------------------------------------------------------    -------------------
                         (clock clk_100MHz rise edge)
                                                      0.000     0.000 r  
    E3                                                0.000     0.000 r  clk_100MHz (IN)
                         net (fo=0)                   0.000     0.000    clk_100MHz
    E3                   IBUF (Prop_ibuf_I_O)         0.250     0.250 r  clk_100MHz_IBUF_inst/O
                         net (fo=1, routed)           0.644     0.894    clk_100MHz_IBUF
    BUFGCTRL_X0Y16       BUFG (Prop_bufg_I_O)         0.026     0.920 r  clk_100MHz_IBUF_BUFG_inst/O
                         net (fo=742, routed)         0.603     1.522    disp/clk_100MHz_IBUF_BUFG
    SLICE_X86Y86         FDRE                                         r  disp/counter_reg[2]/C
  -------------------------------------------------------------------    -------------------
    SLICE_X86Y86         FDRE (Prop_fdre_C_Q)         0.141     1.663 r  disp/counter_reg[2]/Q
                         net (fo=2, routed)           0.181     1.844    disp/counter[2]
    SLICE_X86Y86         CARRY4 (Prop_carry4_S[1]_O[1])
                                                      0.110     1.954 r  disp/counter0_carry/O[1]
                         net (fo=1, routed)           0.000     1.954    disp/counter0_carry_n_6
    SLICE_X86Y86         FDRE                                         r  disp/counter_reg[2]/D
  -------------------------------------------------------------------    -------------------

                         (clock clk_100MHz rise edge)
                                                      0.000     0.000 r  
    E3                                                0.000     0.000 r  clk_100MHz (IN)
                         net (fo=0)                   0.000     0.000    clk_100MHz
    E3                   IBUF (Prop_ibuf_I_O)         0.438     0.438 r  clk_100MHz_IBUF_inst/O
                         net (fo=1, routed)           0.699     1.136    clk_100MHz_IBUF
    BUFGCTRL_X0Y16       BUFG (Prop_bufg_I_O)         0.029     1.165 r  clk_100MHz_IBUF_BUFG_inst/O
                         net (fo=742, routed)         0.874     2.039    disp/clk_100MHz_IBUF_BUFG
    SLICE_X86Y86         FDRE                                         r  disp/counter_reg[2]/C
                         clock pessimism             -0.516     1.522    
    SLICE_X86Y86         FDRE (Hold_fdre_C_D)         0.105     1.627    disp/counter_reg[2]
  -------------------------------------------------------------------
                         required time                         -1.627    
                         arrival time                           1.954    
  -------------------------------------------------------------------
                         slack                                  0.327    

Slack (MET) :             0.328ns  (arrival time - required time)
  Source:                 disp/counter_reg[6]/C
                            (rising edge-triggered cell FDRE clocked by clk_100MHz  {rise@0.000ns fall@5.000ns period=10.000ns})
  Destination:            disp/counter_reg[6]/D
                            (rising edge-triggered cell FDRE clocked by clk_100MHz  {rise@0.000ns fall@5.000ns period=10.000ns})
  Path Group:             clk_100MHz
  Path Type:              Hold (Min at Fast Process Corner)
  Requirement:            0.000ns  (clk_100MHz rise@0.000ns - clk_100MHz rise@0.000ns)
  Data Path Delay:        0.433ns  (logic 0.251ns (57.904%)  route 0.182ns (42.096%))
  Logic Levels:           1  (CARRY4=1)
  Clock Path Skew:        0.000ns (DCD - SCD - CPR)
    Destination Clock Delay (DCD):    2.040ns
    Source Clock Delay      (SCD):    1.523ns
    Clock Pessimism Removal (CPR):    0.516ns

    Location             Delay type                Incr(ns)  Path(ns)    Netlist Resource(s)
  -------------------------------------------------------------------    -------------------
                         (clock clk_100MHz rise edge)
                                                      0.000     0.000 r  
    E3                                                0.000     0.000 r  clk_100MHz (IN)
                         net (fo=0)                   0.000     0.000    clk_100MHz
    E3                   IBUF (Prop_ibuf_I_O)         0.250     0.250 r  clk_100MHz_IBUF_inst/O
                         net (fo=1, routed)           0.644     0.894    clk_100MHz_IBUF
    BUFGCTRL_X0Y16       BUFG (Prop_bufg_I_O)         0.026     0.920 r  clk_100MHz_IBUF_BUFG_inst/O
                         net (fo=742, routed)         0.604     1.523    disp/clk_100MHz_IBUF_BUFG
    SLICE_X86Y87         FDRE                                         r  disp/counter_reg[6]/C
  -------------------------------------------------------------------    -------------------
    SLICE_X86Y87         FDRE (Prop_fdre_C_Q)         0.141     1.664 r  disp/counter_reg[6]/Q
                         net (fo=2, routed)           0.182     1.847    disp/counter[6]
    SLICE_X86Y87         CARRY4 (Prop_carry4_S[1]_O[1])
                                                      0.110     1.957 r  disp/counter0_carry__0/O[1]
                         net (fo=1, routed)           0.000     1.957    disp/counter0_carry__0_n_6
    SLICE_X86Y87         FDRE                                         r  disp/counter_reg[6]/D
  -------------------------------------------------------------------    -------------------

                         (clock clk_100MHz rise edge)
                                                      0.000     0.000 r  
    E3                                                0.000     0.000 r  clk_100MHz (IN)
                         net (fo=0)                   0.000     0.000    clk_100MHz
    E3                   IBUF (Prop_ibuf_I_O)         0.438     0.438 r  clk_100MHz_IBUF_inst/O
                         net (fo=1, routed)           0.699     1.136    clk_100MHz_IBUF
    BUFGCTRL_X0Y16       BUFG (Prop_bufg_I_O)         0.029     1.165 r  clk_100MHz_IBUF_BUFG_inst/O
                         net (fo=742, routed)         0.875     2.040    disp/clk_100MHz_IBUF_BUFG
    SLICE_X86Y87         FDRE                                         r  disp/counter_reg[6]/C
                         clock pessimism             -0.516     1.523    
    SLICE_X86Y87         FDRE (Hold_fdre_C_D)         0.105     1.628    disp/counter_reg[6]
  -------------------------------------------------------------------
                         required time                         -1.628    
                         arrival time                           1.957    
  -------------------------------------------------------------------
                         slack                                  0.328    

Slack (MET) :             0.328ns  (arrival time - required time)
  Source:                 disp/counter_reg[10]/C
                            (rising edge-triggered cell FDRE clocked by clk_100MHz  {rise@0.000ns fall@5.000ns period=10.000ns})
  Destination:            disp/counter_reg[10]/D
                            (rising edge-triggered cell FDRE clocked by clk_100MHz  {rise@0.000ns fall@5.000ns period=10.000ns})
  Path Group:             clk_100MHz
  Path Type:              Hold (Min at Fast Process Corner)
  Requirement:            0.000ns  (clk_100MHz rise@0.000ns - clk_100MHz rise@0.000ns)
  Data Path Delay:        0.433ns  (logic 0.251ns (57.904%)  route 0.182ns (42.096%))
  Logic Levels:           1  (CARRY4=1)
  Clock Path Skew:        0.000ns (DCD - SCD - CPR)
    Destination Clock Delay (DCD):    2.042ns
    Source Clock Delay      (SCD):    1.524ns
    Clock Pessimism Removal (CPR):    0.517ns

    Location             Delay type                Incr(ns)  Path(ns)    Netlist Resource(s)
  -------------------------------------------------------------------    -------------------
                         (clock clk_100MHz rise edge)
                                                      0.000     0.000 r  
    E3                                                0.000     0.000 r  clk_100MHz (IN)
                         net (fo=0)                   0.000     0.000    clk_100MHz
    E3                   IBUF (Prop_ibuf_I_O)         0.250     0.250 r  clk_100MHz_IBUF_inst/O
                         net (fo=1, routed)           0.644     0.894    clk_100MHz_IBUF
    BUFGCTRL_X0Y16       BUFG (Prop_bufg_I_O)         0.026     0.920 r  clk_100MHz_IBUF_BUFG_inst/O
                         net (fo=742, routed)         0.605     1.524    disp/clk_100MHz_IBUF_BUFG
    SLICE_X86Y88         FDRE                                         r  disp/counter_reg[10]/C
  -------------------------------------------------------------------    -------------------
    SLICE_X86Y88         FDRE (Prop_fdre_C_Q)         0.141     1.665 r  disp/counter_reg[10]/Q
                         net (fo=2, routed)           0.182     1.848    disp/counter[10]
    SLICE_X86Y88         CARRY4 (Prop_carry4_S[1]_O[1])
                                                      0.110     1.958 r  disp/counter0_carry__1/O[1]
                         net (fo=1, routed)           0.000     1.958    disp/counter0_carry__1_n_6
    SLICE_X86Y88         FDRE                                         r  disp/counter_reg[10]/D
  -------------------------------------------------------------------    -------------------

                         (clock clk_100MHz rise edge)
                                                      0.000     0.000 r  
    E3                                                0.000     0.000 r  clk_100MHz (IN)
                         net (fo=0)                   0.000     0.000    clk_100MHz
    E3                   IBUF (Prop_ibuf_I_O)         0.438     0.438 r  clk_100MHz_IBUF_inst/O
                         net (fo=1, routed)           0.699     1.136    clk_100MHz_IBUF
    BUFGCTRL_X0Y16       BUFG (Prop_bufg_I_O)         0.029     1.165 r  clk_100MHz_IBUF_BUFG_inst/O
                         net (fo=742, routed)         0.877     2.042    disp/clk_100MHz_IBUF_BUFG
    SLICE_X86Y88         FDRE                                         r  disp/counter_reg[10]/C
                         clock pessimism             -0.517     1.524    
    SLICE_X86Y88         FDRE (Hold_fdre_C_D)         0.105     1.629    disp/counter_reg[10]
  -------------------------------------------------------------------
                         required time                         -1.629    
                         arrival time                           1.958    
  -------------------------------------------------------------------
                         slack                                  0.328    

Slack (MET) :             0.328ns  (arrival time - required time)
  Source:                 disp/counter_reg[14]/C
                            (rising edge-triggered cell FDRE clocked by clk_100MHz  {rise@0.000ns fall@5.000ns period=10.000ns})
  Destination:            disp/counter_reg[14]/D
                            (rising edge-triggered cell FDRE clocked by clk_100MHz  {rise@0.000ns fall@5.000ns period=10.000ns})
  Path Group:             clk_100MHz
  Path Type:              Hold (Min at Fast Process Corner)
  Requirement:            0.000ns  (clk_100MHz rise@0.000ns - clk_100MHz rise@0.000ns)
  Data Path Delay:        0.433ns  (logic 0.251ns (57.904%)  route 0.182ns (42.096%))
  Logic Levels:           1  (CARRY4=1)
  Clock Path Skew:        0.000ns (DCD - SCD - CPR)
    Destination Clock Delay (DCD):    2.042ns
    Source Clock Delay      (SCD):    1.524ns
    Clock Pessimism Removal (CPR):    0.517ns

    Location             Delay type                Incr(ns)  Path(ns)    Netlist Resource(s)
  -------------------------------------------------------------------    -------------------
                         (clock clk_100MHz rise edge)
                                                      0.000     0.000 r  
    E3                                                0.000     0.000 r  clk_100MHz (IN)
                         net (fo=0)                   0.000     0.000    clk_100MHz
    E3                   IBUF (Prop_ibuf_I_O)         0.250     0.250 r  clk_100MHz_IBUF_inst/O
                         net (fo=1, routed)           0.644     0.894    clk_100MHz_IBUF
    BUFGCTRL_X0Y16       BUFG (Prop_bufg_I_O)         0.026     0.920 r  clk_100MHz_IBUF_BUFG_inst/O
                         net (fo=742, routed)         0.605     1.524    disp/clk_100MHz_IBUF_BUFG
    SLICE_X86Y89         FDRE                                         r  disp/counter_reg[14]/C
  -------------------------------------------------------------------    -------------------
    SLICE_X86Y89         FDRE (Prop_fdre_C_Q)         0.141     1.665 r  disp/counter_reg[14]/Q
                         net (fo=2, routed)           0.182     1.848    disp/counter[14]
    SLICE_X86Y89         CARRY4 (Prop_carry4_S[1]_O[1])
                                                      0.110     1.958 r  disp/counter0_carry__2/O[1]
                         net (fo=1, routed)           0.000     1.958    disp/counter0_carry__2_n_6
    SLICE_X86Y89         FDRE                                         r  disp/counter_reg[14]/D
  -------------------------------------------------------------------    -------------------

                         (clock clk_100MHz rise edge)
                                                      0.000     0.000 r  
    E3                                                0.000     0.000 r  clk_100MHz (IN)
                         net (fo=0)                   0.000     0.000    clk_100MHz
    E3                   IBUF (Prop_ibuf_I_O)         0.438     0.438 r  clk_100MHz_IBUF_inst/O
                         net (fo=1, routed)           0.699     1.136    clk_100MHz_IBUF
    BUFGCTRL_X0Y16       BUFG (Prop_bufg_I_O)         0.029     1.165 r  clk_100MHz_IBUF_BUFG_inst/O
                         net (fo=742, routed)         0.877     2.042    disp/clk_100MHz_IBUF_BUFG
    SLICE_X86Y89         FDRE                                         r  disp/counter_reg[14]/C
                         clock pessimism             -0.517     1.524    
    SLICE_X86Y89         FDRE (Hold_fdre_C_D)         0.105     1.629    disp/counter_reg[14]
  -------------------------------------------------------------------
                         required time                         -1.629    
                         arrival time                           1.958    
  -------------------------------------------------------------------
                         slack                                  0.328    

Slack (MET) :             0.330ns  (arrival time - required time)
  Source:                 disp/digit_sel_reg[0]/C
                            (rising edge-triggered cell FDRE clocked by clk_100MHz  {rise@0.000ns fall@5.000ns period=10.000ns})
  Destination:            disp/digit_sel_reg[1]/D
                            (rising edge-triggered cell FDRE clocked by clk_100MHz  {rise@0.000ns fall@5.000ns period=10.000ns})
  Path Group:             clk_100MHz
  Path Type:              Hold (Min at Fast Process Corner)
  Requirement:            0.000ns  (clk_100MHz rise@0.000ns - clk_100MHz rise@0.000ns)
  Data Path Delay:        0.422ns  (logic 0.227ns (53.824%)  route 0.195ns (46.176%))
  Logic Levels:           1  (LUT4=1)
  Clock Path Skew:        0.000ns (DCD - SCD - CPR)
    Destination Clock Delay (DCD):    2.039ns
    Source Clock Delay      (SCD):    1.522ns
    Clock Pessimism Removal (CPR):    0.516ns

    Location             Delay type                Incr(ns)  Path(ns)    Netlist Resource(s)
  -------------------------------------------------------------------    -------------------
                         (clock clk_100MHz rise edge)
                                                      0.000     0.000 r  
    E3                                                0.000     0.000 r  clk_100MHz (IN)
                         net (fo=0)                   0.000     0.000    clk_100MHz
    E3                   IBUF (Prop_ibuf_I_O)         0.250     0.250 r  clk_100MHz_IBUF_inst/O
                         net (fo=1, routed)           0.644     0.894    clk_100MHz_IBUF
    BUFGCTRL_X0Y16       BUFG (Prop_bufg_I_O)         0.026     0.920 r  clk_100MHz_IBUF_BUFG_inst/O
                         net (fo=742, routed)         0.603     1.522    disp/clk_100MHz_IBUF_BUFG
    SLICE_X87Y85         FDRE                                         r  disp/digit_sel_reg[0]/C
  -------------------------------------------------------------------    -------------------
    SLICE_X87Y85         FDRE (Prop_fdre_C_Q)         0.128     1.650 r  disp/digit_sel_reg[0]/Q
                         net (fo=19, routed)          0.195     1.845    disp/digit_sel[0]
    SLICE_X87Y85         LUT4 (Prop_lut4_I2_O)        0.099     1.944 r  disp/digit_sel[1]_i_1/O
                         net (fo=1, routed)           0.000     1.944    disp/digit_sel[1]_i_1_n_0
    SLICE_X87Y85         FDRE                                         r  disp/digit_sel_reg[1]/D
  -------------------------------------------------------------------    -------------------

                         (clock clk_100MHz rise edge)
                                                      0.000     0.000 r  
    E3                                                0.000     0.000 r  clk_100MHz (IN)
                         net (fo=0)                   0.000     0.000    clk_100MHz
    E3                   IBUF (Prop_ibuf_I_O)         0.438     0.438 r  clk_100MHz_IBUF_inst/O
                         net (fo=1, routed)           0.699     1.136    clk_100MHz_IBUF
    BUFGCTRL_X0Y16       BUFG (Prop_bufg_I_O)         0.029     1.165 r  clk_100MHz_IBUF_BUFG_inst/O
                         net (fo=742, routed)         0.874     2.039    disp/clk_100MHz_IBUF_BUFG
    SLICE_X87Y85         FDRE                                         r  disp/digit_sel_reg[1]/C
                         clock pessimism             -0.516     1.522    
    SLICE_X87Y85         FDRE (Hold_fdre_C_D)         0.092     1.614    disp/digit_sel_reg[1]
  -------------------------------------------------------------------
                         required time                         -1.614    
                         arrival time                           1.944    
  -------------------------------------------------------------------
                         slack                                  0.330    





Pulse Width Checks
--------------------------------------------------------------------------------------
Clock Name:         clk_100MHz
Waveform(ns):       { 0.000 5.000 }
Period(ns):         10.000
Sources:            { clk_100MHz }

Check Type        Corner  Lib Pin      Reference Pin  Required(ns)  Actual(ns)  Slack(ns)  Location        Pin
Min Period        n/a     BUFG/I       n/a            1.592         10.000      8.408      BUFGCTRL_X0Y16  clk_100MHz_IBUF_BUFG_inst/I
Min Period        n/a     FDCE/C       n/a            1.000         10.000      9.000      SLICE_X83Y77    core/pc_inst/pc_reg[10]/C
Min Period        n/a     FDCE/C       n/a            1.000         10.000      9.000      SLICE_X83Y77    core/pc_inst/pc_reg[11]/C
Min Period        n/a     FDCE/C       n/a            1.000         10.000      9.000      SLICE_X83Y78    core/pc_inst/pc_reg[12]/C
Min Period        n/a     FDCE/C       n/a            1.000         10.000      9.000      SLICE_X83Y78    core/pc_inst/pc_reg[13]/C
Min Period        n/a     FDCE/C       n/a            1.000         10.000      9.000      SLICE_X83Y78    core/pc_inst/pc_reg[14]/C
Min Period        n/a     FDCE/C       n/a            1.000         10.000      9.000      SLICE_X83Y78    core/pc_inst/pc_reg[15]/C
Min Period        n/a     FDCE/C       n/a            1.000         10.000      9.000      SLICE_X87Y75    core/halt_reg/C
Min Period        n/a     FDCE/C       n/a            1.000         10.000      9.000      SLICE_X83Y79    core/pc_inst/pc_reg[16]/C
Min Period        n/a     FDCE/C       n/a            1.000         10.000      9.000      SLICE_X83Y79    core/pc_inst/pc_reg[17]/C
Low Pulse Width   Fast    RAMS64E/CLK  n/a            1.050         5.000       3.950      SLICE_X88Y71    core/dmem/mem_reg_0_255_16_16/RAMS64E_A/CLK
Low Pulse Width   Fast    RAMS64E/CLK  n/a            1.050         5.000       3.950      SLICE_X88Y71    core/dmem/mem_reg_0_255_16_16/RAMS64E_B/CLK
Low Pulse Width   Fast    RAMS64E/CLK  n/a            1.050         5.000       3.950      SLICE_X88Y71    core/dmem/mem_reg_0_255_16_16/RAMS64E_C/CLK
Low Pulse Width   Fast    RAMS64E/CLK  n/a            1.050         5.000       3.950      SLICE_X88Y71    core/dmem/mem_reg_0_255_16_16/RAMS64E_D/CLK
Low Pulse Width   Fast    RAMS64E/CLK  n/a            1.050         5.000       3.950      SLICE_X88Y70    core/dmem/mem_reg_0_255_17_17/RAMS64E_A/CLK
Low Pulse Width   Fast    RAMS64E/CLK  n/a            1.050         5.000       3.950      SLICE_X80Y66    core/dmem/mem_reg_256_511_0_0/RAMS64E_A/CLK
Low Pulse Width   Fast    RAMS64E/CLK  n/a            1.050         5.000       3.950      SLICE_X80Y66    core/dmem/mem_reg_256_511_0_0/RAMS64E_B/CLK
Low Pulse Width   Fast    RAMS64E/CLK  n/a            1.050         5.000       3.950      SLICE_X80Y66    core/dmem/mem_reg_256_511_0_0/RAMS64E_C/CLK
Low Pulse Width   Fast    RAMS64E/CLK  n/a            1.050         5.000       3.950      SLICE_X88Y78    core/dmem/mem_reg_256_511_31_31/RAMS64E_A/CLK
Low Pulse Width   Fast    RAMS64E/CLK  n/a            1.050         5.000       3.950      SLICE_X88Y78    core/dmem/mem_reg_256_511_31_31/RAMS64E_B/CLK
High Pulse Width  Slow    RAMS64E/CLK  n/a            1.050         5.000       3.950      SLICE_X80Y65    core/dmem/mem_reg_768_1023_10_10/RAMS64E_A/CLK
High Pulse Width  Slow    RAMS64E/CLK  n/a            1.050         5.000       3.950      SLICE_X80Y65    core/dmem/mem_reg_768_1023_10_10/RAMS64E_B/CLK
High Pulse Width  Slow    RAMS64E/CLK  n/a            1.050         5.000       3.950      SLICE_X80Y65    core/dmem/mem_reg_768_1023_10_10/RAMS64E_C/CLK
High Pulse Width  Slow    RAMS64E/CLK  n/a            1.050         5.000       3.950      SLICE_X80Y65    core/dmem/mem_reg_768_1023_10_10/RAMS64E_D/CLK
High Pulse Width  Slow    RAMS64E/CLK  n/a            1.050         5.000       3.950      SLICE_X84Y70    core/dmem/mem_reg_768_1023_12_12/RAMS64E_A/CLK
High Pulse Width  Slow    RAMS64E/CLK  n/a            1.050         5.000       3.950      SLICE_X84Y70    core/dmem/mem_reg_768_1023_12_12/RAMS64E_B/CLK
High Pulse Width  Slow    RAMS64E/CLK  n/a            1.050         5.000       3.950      SLICE_X84Y70    core/dmem/mem_reg_768_1023_12_12/RAMS64E_C/CLK
High Pulse Width  Slow    RAMS64E/CLK  n/a            1.050         5.000       3.950      SLICE_X84Y70    core/dmem/mem_reg_768_1023_12_12/RAMS64E_D/CLK
High Pulse Width  Slow    RAMS64E/CLK  n/a            1.050         5.000       3.950      SLICE_X78Y63    core/dmem/mem_reg_768_1023_8_8/RAMS64E_A/CLK
High Pulse Width  Slow    RAMS64E/CLK  n/a            1.050         5.000       3.950      SLICE_X78Y63    core/dmem/mem_reg_768_1023_8_8/RAMS64E_B/CLK



---------------------------------------------------------------------------------------------------
Path Group:  **async_default**
From Clock:  clk_100MHz
  To Clock:  clk_100MHz

Setup :            0  Failing Endpoints,  Worst Slack        8.155ns,  Total Violation        0.000ns
Hold  :            0  Failing Endpoints,  Worst Slack        0.410ns,  Total Violation        0.000ns
---------------------------------------------------------------------------------------------------


Max Delay Paths
--------------------------------------------------------------------------------------
Slack (MET) :             8.155ns  (required time - arrival time)
  Source:                 reset_sync_reg_reg[1]/C
                            (rising edge-triggered cell FDRE clocked by clk_100MHz  {rise@0.000ns fall@5.000ns period=10.000ns})
  Destination:            display_value_reg[27]/CLR
                            (recovery check against rising-edge clock clk_100MHz  {rise@0.000ns fall@5.000ns period=10.000ns})
  Path Group:             **async_default**
  Path Type:              Recovery (Max at Slow Process Corner)
  Requirement:            10.000ns  (clk_100MHz rise@10.000ns - clk_100MHz rise@0.000ns)
  Data Path Delay:        1.474ns  (logic 0.341ns (23.132%)  route 1.133ns (76.868%))
  Logic Levels:           0  
  Clock Path Skew:        -0.043ns (DCD - SCD + CPR)
    Destination Clock Delay (DCD):    3.998ns = ( 13.998 - 10.000 ) 
    Source Clock Delay      (SCD):    4.255ns
    Clock Pessimism Removal (CPR):    0.214ns
  Clock Uncertainty:      0.035ns  ((TSJ^2 + TIJ^2)^1/2 + DJ) / 2 + PE
    Total System Jitter     (TSJ):    0.071ns
    Total Input Jitter      (TIJ):    0.000ns
    Discrete Jitter          (DJ):    0.000ns
    Phase Error              (PE):    0.000ns

    Location             Delay type                Incr(ns)  Path(ns)    Netlist Resource(s)
  -------------------------------------------------------------------    -------------------
                         (clock clk_100MHz rise edge)
                                                      0.000     0.000 r  
    E3                                                0.000     0.000 r  clk_100MHz (IN)
                         net (fo=0)                   0.000     0.000    clk_100MHz
    E3                   IBUF (Prop_ibuf_I_O)         1.330     1.330 r  clk_100MHz_IBUF_inst/O
                         net (fo=1, routed)           1.525     2.855    clk_100MHz_IBUF
    BUFGCTRL_X0Y16       BUFG (Prop_bufg_I_O)         0.076     2.931 r  clk_100MHz_IBUF_BUFG_inst/O
                         net (fo=742, routed)         1.323     4.255    clk_100MHz_IBUF_BUFG
    SLICE_X82Y89         FDRE                                         r  reset_sync_reg_reg[1]/C
  -------------------------------------------------------------------    -------------------
    SLICE_X82Y89         FDRE (Prop_fdre_C_Q)         0.341     4.596 f  reset_sync_reg_reg[1]/Q
                         net (fo=64, routed)          1.133     5.729    reset_sync
    SLICE_X86Y85         FDCE                                         f  display_value_reg[27]/CLR
  -------------------------------------------------------------------    -------------------

                         (clock clk_100MHz rise edge)
                                                     10.000    10.000 r  
    E3                                                0.000    10.000 r  clk_100MHz (IN)
                         net (fo=0)                   0.000    10.000    clk_100MHz
    E3                   IBUF (Prop_ibuf_I_O)         1.263    11.263 r  clk_100MHz_IBUF_inst/O
                         net (fo=1, routed)           1.443    12.706    clk_100MHz_IBUF
    BUFGCTRL_X0Y16       BUFG (Prop_bufg_I_O)         0.072    12.778 r  clk_100MHz_IBUF_BUFG_inst/O
                         net (fo=742, routed)         1.220    13.998    clk_100MHz_IBUF_BUFG
    SLICE_X86Y85         FDCE                                         r  display_value_reg[27]/C
                         clock pessimism              0.214    14.212    
                         clock uncertainty           -0.035    14.176    
    SLICE_X86Y85         FDCE (Recov_fdce_C_CLR)     -0.293    13.883    display_value_reg[27]
  -------------------------------------------------------------------
                         required time                         13.883    
                         arrival time                          -5.729    
  -------------------------------------------------------------------
                         slack                                  8.155    

Slack (MET) :             8.251ns  (required time - arrival time)
  Source:                 reset_sync_reg_reg[1]/C
                            (rising edge-triggered cell FDRE clocked by clk_100MHz  {rise@0.000ns fall@5.000ns period=10.000ns})
  Destination:            display_value_reg[15]/CLR
                            (recovery check against rising-edge clock clk_100MHz  {rise@0.000ns fall@5.000ns period=10.000ns})
  Path Group:             **async_default**
  Path Type:              Recovery (Max at Slow Process Corner)
  Requirement:            10.000ns  (clk_100MHz rise@10.000ns - clk_100MHz rise@0.000ns)
  Data Path Delay:        1.376ns  (logic 0.341ns (24.775%)  route 1.035ns (75.225%))
  Logic Levels:           0  
  Clock Path Skew:        -0.044ns (DCD - SCD + CPR)
    Destination Clock Delay (DCD):    3.997ns = ( 13.997 - 10.000 ) 
    Source Clock Delay      (SCD):    4.255ns
    Clock Pessimism Removal (CPR):    0.214ns
  Clock Uncertainty:      0.035ns  ((TSJ^2 + TIJ^2)^1/2 + DJ) / 2 + PE
    Total System Jitter     (TSJ):    0.071ns
    Total Input Jitter      (TIJ):    0.000ns
    Discrete Jitter          (DJ):    0.000ns
    Phase Error              (PE):    0.000ns

    Location             Delay type                Incr(ns)  Path(ns)    Netlist Resource(s)
  -------------------------------------------------------------------    -------------------
                         (clock clk_100MHz rise edge)
                                                      0.000     0.000 r  
    E3                                                0.000     0.000 r  clk_100MHz (IN)
                         net (fo=0)                   0.000     0.000    clk_100MHz
    E3                   IBUF (Prop_ibuf_I_O)         1.330     1.330 r  clk_100MHz_IBUF_inst/O
                         net (fo=1, routed)           1.525     2.855    clk_100MHz_IBUF
    BUFGCTRL_X0Y16       BUFG (Prop_bufg_I_O)         0.076     2.931 r  clk_100MHz_IBUF_BUFG_inst/O
                         net (fo=742, routed)         1.323     4.255    clk_100MHz_IBUF_BUFG
    SLICE_X82Y89         FDRE                                         r  reset_sync_reg_reg[1]/C
  -------------------------------------------------------------------    -------------------
    SLICE_X82Y89         FDRE (Prop_fdre_C_Q)         0.341     4.596 f  reset_sync_reg_reg[1]/Q
                         net (fo=64, routed)          1.035     5.631    reset_sync
    SLICE_X86Y84         FDCE                                         f  display_value_reg[15]/CLR
  -------------------------------------------------------------------    -------------------

                         (clock clk_100MHz rise edge)
                                                     10.000    10.000 r  
    E3                                                0.000    10.000 r  clk_100MHz (IN)
                         net (fo=0)                   0.000    10.000    clk_100MHz
    E3                   IBUF (Prop_ibuf_I_O)         1.263    11.263 r  clk_100MHz_IBUF_inst/O
                         net (fo=1, routed)           1.443    12.706    clk_100MHz_IBUF
    BUFGCTRL_X0Y16       BUFG (Prop_bufg_I_O)         0.072    12.778 r  clk_100MHz_IBUF_BUFG_inst/O
                         net (fo=742, routed)         1.219    13.997    clk_100MHz_IBUF_BUFG
    SLICE_X86Y84         FDCE                                         r  display_value_reg[15]/C
                         clock pessimism              0.214    14.211    
                         clock uncertainty           -0.035    14.175    
    SLICE_X86Y84         FDCE (Recov_fdce_C_CLR)     -0.293    13.882    display_value_reg[15]
  -------------------------------------------------------------------
                         required time                         13.882    
                         arrival time                          -5.631    
  -------------------------------------------------------------------
                         slack                                  8.251    

Slack (MET) :             8.251ns  (required time - arrival time)
  Source:                 reset_sync_reg_reg[1]/C
                            (rising edge-triggered cell FDRE clocked by clk_100MHz  {rise@0.000ns fall@5.000ns period=10.000ns})
  Destination:            display_value_reg[31]/CLR
                            (recovery check against rising-edge clock clk_100MHz  {rise@0.000ns fall@5.000ns period=10.000ns})
  Path Group:             **async_default**
  Path Type:              Recovery (Max at Slow Process Corner)
  Requirement:            10.000ns  (clk_100MHz rise@10.000ns - clk_100MHz rise@0.000ns)
  Data Path Delay:        1.376ns  (logic 0.341ns (24.775%)  route 1.035ns (75.225%))
  Logic Levels:           0  
  Clock Path Skew:        -0.044ns (DCD - SCD + CPR)
    Destination Clock Delay (DCD):    3.997ns = ( 13.997 - 10.000 ) 
    Source Clock Delay      (SCD):    4.255ns
    Clock Pessimism Removal (CPR):    0.214ns
  Clock Uncertainty:      0.035ns  ((TSJ^2 + TIJ^2)^1/2 + DJ) / 2 + PE
    Total System Jitter     (TSJ):    0.071ns
    Total Input Jitter      (TIJ):    0.000ns
    Discrete Jitter          (DJ):    0.000ns
    Phase Error              (PE):    0.000ns

    Location             Delay type                Incr(ns)  Path(ns)    Netlist Resource(s)
  -------------------------------------------------------------------    -------------------
                         (clock clk_100MHz rise edge)
                                                      0.000     0.000 r  
    E3                                                0.000     0.000 r  clk_100MHz (IN)
                         net (fo=0)                   0.000     0.000    clk_100MHz
    E3                   IBUF (Prop_ibuf_I_O)         1.330     1.330 r  clk_100MHz_IBUF_inst/O
                         net (fo=1, routed)           1.525     2.855    clk_100MHz_IBUF
    BUFGCTRL_X0Y16       BUFG (Prop_bufg_I_O)         0.076     2.931 r  clk_100MHz_IBUF_BUFG_inst/O
                         net (fo=742, routed)         1.323     4.255    clk_100MHz_IBUF_BUFG
    SLICE_X82Y89         FDRE                                         r  reset_sync_reg_reg[1]/C
  -------------------------------------------------------------------    -------------------
    SLICE_X82Y89         FDRE (Prop_fdre_C_Q)         0.341     4.596 f  reset_sync_reg_reg[1]/Q
                         net (fo=64, routed)          1.035     5.631    reset_sync
    SLICE_X86Y84         FDCE                                         f  display_value_reg[31]/CLR
  -------------------------------------------------------------------    -------------------

                         (clock clk_100MHz rise edge)
                                                     10.000    10.000 r  
    E3                                                0.000    10.000 r  clk_100MHz (IN)
                         net (fo=0)                   0.000    10.000    clk_100MHz
    E3                   IBUF (Prop_ibuf_I_O)         1.263    11.263 r  clk_100MHz_IBUF_inst/O
                         net (fo=1, routed)           1.443    12.706    clk_100MHz_IBUF
    BUFGCTRL_X0Y16       BUFG (Prop_bufg_I_O)         0.072    12.778 r  clk_100MHz_IBUF_BUFG_inst/O
                         net (fo=742, routed)         1.219    13.997    clk_100MHz_IBUF_BUFG
    SLICE_X86Y84         FDCE                                         r  display_value_reg[31]/C
                         clock pessimism              0.214    14.211    
                         clock uncertainty           -0.035    14.175    
    SLICE_X86Y84         FDCE (Recov_fdce_C_CLR)     -0.293    13.882    display_value_reg[31]
  -------------------------------------------------------------------
                         required time                         13.882    
                         arrival time                          -5.631    
  -------------------------------------------------------------------
                         slack                                  8.251    

Slack (MET) :             8.255ns  (required time - arrival time)
  Source:                 reset_sync_reg_reg[1]/C
                            (rising edge-triggered cell FDRE clocked by clk_100MHz  {rise@0.000ns fall@5.000ns period=10.000ns})
  Destination:            display_value_reg[3]/CLR
                            (recovery check against rising-edge clock clk_100MHz  {rise@0.000ns fall@5.000ns period=10.000ns})
  Path Group:             **async_default**
  Path Type:              Recovery (Max at Slow Process Corner)
  Requirement:            10.000ns  (clk_100MHz rise@10.000ns - clk_100MHz rise@0.000ns)
  Data Path Delay:        1.373ns  (logic 0.341ns (24.834%)  route 1.032ns (75.166%))
  Logic Levels:           0  
  Clock Path Skew:        -0.044ns (DCD - SCD + CPR)
    Destination Clock Delay (DCD):    3.997ns = ( 13.997 - 10.000 ) 
    Source Clock Delay      (SCD):    4.255ns
    Clock Pessimism Removal (CPR):    0.214ns
  Clock Uncertainty:      0.035ns  ((TSJ^2 + TIJ^2)^1/2 + DJ) / 2 + PE
    Total System Jitter     (TSJ):    0.071ns
    Total Input Jitter      (TIJ):    0.000ns
    Discrete Jitter          (DJ):    0.000ns
    Phase Error              (PE):    0.000ns

    Location             Delay type                Incr(ns)  Path(ns)    Netlist Resource(s)
  -------------------------------------------------------------------    -------------------
                         (clock clk_100MHz rise edge)
                                                      0.000     0.000 r  
    E3                                                0.000     0.000 r  clk_100MHz (IN)
                         net (fo=0)                   0.000     0.000    clk_100MHz
    E3                   IBUF (Prop_ibuf_I_O)         1.330     1.330 r  clk_100MHz_IBUF_inst/O
                         net (fo=1, routed)           1.525     2.855    clk_100MHz_IBUF
    BUFGCTRL_X0Y16       BUFG (Prop_bufg_I_O)         0.076     2.931 r  clk_100MHz_IBUF_BUFG_inst/O
                         net (fo=742, routed)         1.323     4.255    clk_100MHz_IBUF_BUFG
    SLICE_X82Y89         FDRE                                         r  reset_sync_reg_reg[1]/C
  -------------------------------------------------------------------    -------------------
    SLICE_X82Y89         FDRE (Prop_fdre_C_Q)         0.341     4.596 f  reset_sync_reg_reg[1]/Q
                         net (fo=64, routed)          1.032     5.628    reset_sync
    SLICE_X87Y84         FDCE                                         f  display_value_reg[3]/CLR
  -------------------------------------------------------------------    -------------------

                         (clock clk_100MHz rise edge)
                                                     10.000    10.000 r  
    E3                                                0.000    10.000 r  clk_100MHz (IN)
                         net (fo=0)                   0.000    10.000    clk_100MHz
    E3                   IBUF (Prop_ibuf_I_O)         1.263    11.263 r  clk_100MHz_IBUF_inst/O
                         net (fo=1, routed)           1.443    12.706    clk_100MHz_IBUF
    BUFGCTRL_X0Y16       BUFG (Prop_bufg_I_O)         0.072    12.778 r  clk_100MHz_IBUF_BUFG_inst/O
                         net (fo=742, routed)         1.219    13.997    clk_100MHz_IBUF_BUFG
    SLICE_X87Y84         FDCE                                         r  display_value_reg[3]/C
                         clock pessimism              0.214    14.211    
                         clock uncertainty           -0.035    14.175    
    SLICE_X87Y84         FDCE (Recov_fdce_C_CLR)     -0.293    13.882    display_value_reg[3]
  -------------------------------------------------------------------
                         required time                         13.882    
                         arrival time                          -5.628    
  -------------------------------------------------------------------
                         slack                                  8.255    

Slack (MET) :             8.333ns  (required time - arrival time)
  Source:                 reset_sync_reg_reg[1]/C
                            (rising edge-triggered cell FDRE clocked by clk_100MHz  {rise@0.000ns fall@5.000ns period=10.000ns})
  Destination:            core/pc_inst/pc_reg[1]/CLR
                            (recovery check against rising-edge clock clk_100MHz  {rise@0.000ns fall@5.000ns period=10.000ns})
  Path Group:             **async_default**
  Path Type:              Recovery (Max at Slow Process Corner)
  Requirement:            10.000ns  (clk_100MHz rise@10.000ns - clk_100MHz rise@0.000ns)
  Data Path Delay:        1.301ns  (logic 0.341ns (26.219%)  route 0.960ns (73.781%))
  Logic Levels:           0  
  Clock Path Skew:        -0.038ns (DCD - SCD + CPR)
    Destination Clock Delay (DCD):    3.985ns = ( 13.985 - 10.000 ) 
    Source Clock Delay      (SCD):    4.255ns
    Clock Pessimism Removal (CPR):    0.232ns
  Clock Uncertainty:      0.035ns  ((TSJ^2 + TIJ^2)^1/2 + DJ) / 2 + PE
    Total System Jitter     (TSJ):    0.071ns
    Total Input Jitter      (TIJ):    0.000ns
    Discrete Jitter          (DJ):    0.000ns
    Phase Error              (PE):    0.000ns

    Location             Delay type                Incr(ns)  Path(ns)    Netlist Resource(s)
  -------------------------------------------------------------------    -------------------
                         (clock clk_100MHz rise edge)
                                                      0.000     0.000 r  
    E3                                                0.000     0.000 r  clk_100MHz (IN)
                         net (fo=0)                   0.000     0.000    clk_100MHz
    E3                   IBUF (Prop_ibuf_I_O)         1.330     1.330 r  clk_100MHz_IBUF_inst/O
                         net (fo=1, routed)           1.525     2.855    clk_100MHz_IBUF
    BUFGCTRL_X0Y16       BUFG (Prop_bufg_I_O)         0.076     2.931 r  clk_100MHz_IBUF_BUFG_inst/O
                         net (fo=742, routed)         1.323     4.255    clk_100MHz_IBUF_BUFG
    SLICE_X82Y89         FDRE                                         r  reset_sync_reg_reg[1]/C
  -------------------------------------------------------------------    -------------------
    SLICE_X82Y89         FDRE (Prop_fdre_C_Q)         0.341     4.596 f  reset_sync_reg_reg[1]/Q
                         net (fo=64, routed)          0.960     5.555    core/pc_inst/Q[0]
    SLICE_X83Y75         FDCE                                         f  core/pc_inst/pc_reg[1]/CLR
  -------------------------------------------------------------------    -------------------

                         (clock clk_100MHz rise edge)
                                                     10.000    10.000 r  
    E3                                                0.000    10.000 r  clk_100MHz (IN)
                         net (fo=0)                   0.000    10.000    clk_100MHz
    E3                   IBUF (Prop_ibuf_I_O)         1.263    11.263 r  clk_100MHz_IBUF_inst/O
                         net (fo=1, routed)           1.443    12.706    clk_100MHz_IBUF
    BUFGCTRL_X0Y16       BUFG (Prop_bufg_I_O)         0.072    12.778 r  clk_100MHz_IBUF_BUFG_inst/O
                         net (fo=742, routed)         1.207    13.985    core/pc_inst/clk_100MHz_IBUF_BUFG
    SLICE_X83Y75         FDCE                                         r  core/pc_inst/pc_reg[1]/C
                         clock pessimism              0.232    14.217    
                         clock uncertainty           -0.035    14.181    
    SLICE_X83Y75         FDCE (Recov_fdce_C_CLR)     -0.293    13.888    core/pc_inst/pc_reg[1]
  -------------------------------------------------------------------
                         required time                         13.888    
                         arrival time                          -5.555    
  -------------------------------------------------------------------
                         slack                                  8.333    

Slack (MET) :             8.333ns  (required time - arrival time)
  Source:                 reset_sync_reg_reg[1]/C
                            (rising edge-triggered cell FDRE clocked by clk_100MHz  {rise@0.000ns fall@5.000ns period=10.000ns})
  Destination:            core/pc_inst/pc_reg[2]/CLR
                            (recovery check against rising-edge clock clk_100MHz  {rise@0.000ns fall@5.000ns period=10.000ns})
  Path Group:             **async_default**
  Path Type:              Recovery (Max at Slow Process Corner)
  Requirement:            10.000ns  (clk_100MHz rise@10.000ns - clk_100MHz rise@0.000ns)
  Data Path Delay:        1.301ns  (logic 0.341ns (26.219%)  route 0.960ns (73.781%))
  Logic Levels:           0  
  Clock Path Skew:        -0.038ns (DCD - SCD + CPR)
    Destination Clock Delay (DCD):    3.985ns = ( 13.985 - 10.000 ) 
    Source Clock Delay      (SCD):    4.255ns
    Clock Pessimism Removal (CPR):    0.232ns
  Clock Uncertainty:      0.035ns  ((TSJ^2 + TIJ^2)^1/2 + DJ) / 2 + PE
    Total System Jitter     (TSJ):    0.071ns
    Total Input Jitter      (TIJ):    0.000ns
    Discrete Jitter          (DJ):    0.000ns
    Phase Error              (PE):    0.000ns

    Location             Delay type                Incr(ns)  Path(ns)    Netlist Resource(s)
  -------------------------------------------------------------------    -------------------
                         (clock clk_100MHz rise edge)
                                                      0.000     0.000 r  
    E3                                                0.000     0.000 r  clk_100MHz (IN)
                         net (fo=0)                   0.000     0.000    clk_100MHz
    E3                   IBUF (Prop_ibuf_I_O)         1.330     1.330 r  clk_100MHz_IBUF_inst/O
                         net (fo=1, routed)           1.525     2.855    clk_100MHz_IBUF
    BUFGCTRL_X0Y16       BUFG (Prop_bufg_I_O)         0.076     2.931 r  clk_100MHz_IBUF_BUFG_inst/O
                         net (fo=742, routed)         1.323     4.255    clk_100MHz_IBUF_BUFG
    SLICE_X82Y89         FDRE                                         r  reset_sync_reg_reg[1]/C
  -------------------------------------------------------------------    -------------------
    SLICE_X82Y89         FDRE (Prop_fdre_C_Q)         0.341     4.596 f  reset_sync_reg_reg[1]/Q
                         net (fo=64, routed)          0.960     5.555    core/pc_inst/Q[0]
    SLICE_X83Y75         FDCE                                         f  core/pc_inst/pc_reg[2]/CLR
  -------------------------------------------------------------------    -------------------

                         (clock clk_100MHz rise edge)
                                                     10.000    10.000 r  
    E3                                                0.000    10.000 r  clk_100MHz (IN)
                         net (fo=0)                   0.000    10.000    clk_100MHz
    E3                   IBUF (Prop_ibuf_I_O)         1.263    11.263 r  clk_100MHz_IBUF_inst/O
                         net (fo=1, routed)           1.443    12.706    clk_100MHz_IBUF
    BUFGCTRL_X0Y16       BUFG (Prop_bufg_I_O)         0.072    12.778 r  clk_100MHz_IBUF_BUFG_inst/O
                         net (fo=742, routed)         1.207    13.985    core/pc_inst/clk_100MHz_IBUF_BUFG
    SLICE_X83Y75         FDCE                                         r  core/pc_inst/pc_reg[2]/C
                         clock pessimism              0.232    14.217    
                         clock uncertainty           -0.035    14.181    
    SLICE_X83Y75         FDCE (Recov_fdce_C_CLR)     -0.293    13.888    core/pc_inst/pc_reg[2]
  -------------------------------------------------------------------
                         required time                         13.888    
                         arrival time                          -5.555    
  -------------------------------------------------------------------
                         slack                                  8.333    

Slack (MET) :             8.333ns  (required time - arrival time)
  Source:                 reset_sync_reg_reg[1]/C
                            (rising edge-triggered cell FDRE clocked by clk_100MHz  {rise@0.000ns fall@5.000ns period=10.000ns})
  Destination:            core/pc_inst/pc_reg[3]/CLR
                            (recovery check against rising-edge clock clk_100MHz  {rise@0.000ns fall@5.000ns period=10.000ns})
  Path Group:             **async_default**
  Path Type:              Recovery (Max at Slow Process Corner)
  Requirement:            10.000ns  (clk_100MHz rise@10.000ns - clk_100MHz rise@0.000ns)
  Data Path Delay:        1.301ns  (logic 0.341ns (26.219%)  route 0.960ns (73.781%))
  Logic Levels:           0  
  Clock Path Skew:        -0.038ns (DCD - SCD + CPR)
    Destination Clock Delay (DCD):    3.985ns = ( 13.985 - 10.000 ) 
    Source Clock Delay      (SCD):    4.255ns
    Clock Pessimism Removal (CPR):    0.232ns
  Clock Uncertainty:      0.035ns  ((TSJ^2 + TIJ^2)^1/2 + DJ) / 2 + PE
    Total System Jitter     (TSJ):    0.071ns
    Total Input Jitter      (TIJ):    0.000ns
    Discrete Jitter          (DJ):    0.000ns
    Phase Error              (PE):    0.000ns

    Location             Delay type                Incr(ns)  Path(ns)    Netlist Resource(s)
  -------------------------------------------------------------------    -------------------
                         (clock clk_100MHz rise edge)
                                                      0.000     0.000 r  
    E3                                                0.000     0.000 r  clk_100MHz (IN)
                         net (fo=0)                   0.000     0.000    clk_100MHz
    E3                   IBUF (Prop_ibuf_I_O)         1.330     1.330 r  clk_100MHz_IBUF_inst/O
                         net (fo=1, routed)           1.525     2.855    clk_100MHz_IBUF
    BUFGCTRL_X0Y16       BUFG (Prop_bufg_I_O)         0.076     2.931 r  clk_100MHz_IBUF_BUFG_inst/O
                         net (fo=742, routed)         1.323     4.255    clk_100MHz_IBUF_BUFG
    SLICE_X82Y89         FDRE                                         r  reset_sync_reg_reg[1]/C
  -------------------------------------------------------------------    -------------------
    SLICE_X82Y89         FDRE (Prop_fdre_C_Q)         0.341     4.596 f  reset_sync_reg_reg[1]/Q
                         net (fo=64, routed)          0.960     5.555    core/pc_inst/Q[0]
    SLICE_X83Y75         FDCE                                         f  core/pc_inst/pc_reg[3]/CLR
  -------------------------------------------------------------------    -------------------

                         (clock clk_100MHz rise edge)
                                                     10.000    10.000 r  
    E3                                                0.000    10.000 r  clk_100MHz (IN)
                         net (fo=0)                   0.000    10.000    clk_100MHz
    E3                   IBUF (Prop_ibuf_I_O)         1.263    11.263 r  clk_100MHz_IBUF_inst/O
                         net (fo=1, routed)           1.443    12.706    clk_100MHz_IBUF
    BUFGCTRL_X0Y16       BUFG (Prop_bufg_I_O)         0.072    12.778 r  clk_100MHz_IBUF_BUFG_inst/O
                         net (fo=742, routed)         1.207    13.985    core/pc_inst/clk_100MHz_IBUF_BUFG
    SLICE_X83Y75         FDCE                                         r  core/pc_inst/pc_reg[3]/C
                         clock pessimism              0.232    14.217    
                         clock uncertainty           -0.035    14.181    
    SLICE_X83Y75         FDCE (Recov_fdce_C_CLR)     -0.293    13.888    core/pc_inst/pc_reg[3]
  -------------------------------------------------------------------
                         required time                         13.888    
                         arrival time                          -5.555    
  -------------------------------------------------------------------
                         slack                                  8.333    

Slack (MET) :             8.338ns  (required time - arrival time)
  Source:                 reset_sync_reg_reg[1]/C
                            (rising edge-triggered cell FDRE clocked by clk_100MHz  {rise@0.000ns fall@5.000ns period=10.000ns})
  Destination:            core/pc_inst/pc_reg[4]/CLR
                            (recovery check against rising-edge clock clk_100MHz  {rise@0.000ns fall@5.000ns period=10.000ns})
  Path Group:             **async_default**
  Path Type:              Recovery (Max at Slow Process Corner)
  Requirement:            10.000ns  (clk_100MHz rise@10.000ns - clk_100MHz rise@0.000ns)
  Data Path Delay:        1.296ns  (logic 0.341ns (26.309%)  route 0.955ns (73.691%))
  Logic Levels:           0  
  Clock Path Skew:        -0.037ns (DCD - SCD + CPR)
    Destination Clock Delay (DCD):    3.986ns = ( 13.986 - 10.000 ) 
    Source Clock Delay      (SCD):    4.255ns
    Clock Pessimism Removal (CPR):    0.232ns
  Clock Uncertainty:      0.035ns  ((TSJ^2 + TIJ^2)^1/2 + DJ) / 2 + PE
    Total System Jitter     (TSJ):    0.071ns
    Total Input Jitter      (TIJ):    0.000ns
    Discrete Jitter          (DJ):    0.000ns
    Phase Error              (PE):    0.000ns

    Location             Delay type                Incr(ns)  Path(ns)    Netlist Resource(s)
  -------------------------------------------------------------------    -------------------
                         (clock clk_100MHz rise edge)
                                                      0.000     0.000 r  
    E3                                                0.000     0.000 r  clk_100MHz (IN)
                         net (fo=0)                   0.000     0.000    clk_100MHz
    E3                   IBUF (Prop_ibuf_I_O)         1.330     1.330 r  clk_100MHz_IBUF_inst/O
                         net (fo=1, routed)           1.525     2.855    clk_100MHz_IBUF
    BUFGCTRL_X0Y16       BUFG (Prop_bufg_I_O)         0.076     2.931 r  clk_100MHz_IBUF_BUFG_inst/O
                         net (fo=742, routed)         1.323     4.255    clk_100MHz_IBUF_BUFG
    SLICE_X82Y89         FDRE                                         r  reset_sync_reg_reg[1]/C
  -------------------------------------------------------------------    -------------------
    SLICE_X82Y89         FDRE (Prop_fdre_C_Q)         0.341     4.596 f  reset_sync_reg_reg[1]/Q
                         net (fo=64, routed)          0.955     5.551    core/pc_inst/Q[0]
    SLICE_X83Y76         FDCE                                         f  core/pc_inst/pc_reg[4]/CLR
  -------------------------------------------------------------------    -------------------

                         (clock clk_100MHz rise edge)
                                                     10.000    10.000 r  
    E3                                                0.000    10.000 r  clk_100MHz (IN)
                         net (fo=0)                   0.000    10.000    clk_100MHz
    E3                   IBUF (Prop_ibuf_I_O)         1.263    11.263 r  clk_100MHz_IBUF_inst/O
                         net (fo=1, routed)           1.443    12.706    clk_100MHz_IBUF
    BUFGCTRL_X0Y16       BUFG (Prop_bufg_I_O)         0.072    12.778 r  clk_100MHz_IBUF_BUFG_inst/O
                         net (fo=742, routed)         1.208    13.986    core/pc_inst/clk_100MHz_IBUF_BUFG
    SLICE_X83Y76         FDCE                                         r  core/pc_inst/pc_reg[4]/C
                         clock pessimism              0.232    14.218    
                         clock uncertainty           -0.035    14.182    
    SLICE_X83Y76         FDCE (Recov_fdce_C_CLR)     -0.293    13.889    core/pc_inst/pc_reg[4]
  -------------------------------------------------------------------
                         required time                         13.889    
                         arrival time                          -5.551    
  -------------------------------------------------------------------
                         slack                                  8.338    

Slack (MET) :             8.338ns  (required time - arrival time)
  Source:                 reset_sync_reg_reg[1]/C
                            (rising edge-triggered cell FDRE clocked by clk_100MHz  {rise@0.000ns fall@5.000ns period=10.000ns})
  Destination:            core/pc_inst/pc_reg[5]/CLR
                            (recovery check against rising-edge clock clk_100MHz  {rise@0.000ns fall@5.000ns period=10.000ns})
  Path Group:             **async_default**
  Path Type:              Recovery (Max at Slow Process Corner)
  Requirement:            10.000ns  (clk_100MHz rise@10.000ns - clk_100MHz rise@0.000ns)
  Data Path Delay:        1.296ns  (logic 0.341ns (26.309%)  route 0.955ns (73.691%))
  Logic Levels:           0  
  Clock Path Skew:        -0.037ns (DCD - SCD + CPR)
    Destination Clock Delay (DCD):    3.986ns = ( 13.986 - 10.000 ) 
    Source Clock Delay      (SCD):    4.255ns
    Clock Pessimism Removal (CPR):    0.232ns
  Clock Uncertainty:      0.035ns  ((TSJ^2 + TIJ^2)^1/2 + DJ) / 2 + PE
    Total System Jitter     (TSJ):    0.071ns
    Total Input Jitter      (TIJ):    0.000ns
    Discrete Jitter          (DJ):    0.000ns
    Phase Error              (PE):    0.000ns

    Location             Delay type                Incr(ns)  Path(ns)    Netlist Resource(s)
  -------------------------------------------------------------------    -------------------
                         (clock clk_100MHz rise edge)
                                                      0.000     0.000 r  
    E3                                                0.000     0.000 r  clk_100MHz (IN)
                         net (fo=0)                   0.000     0.000    clk_100MHz
    E3                   IBUF (Prop_ibuf_I_O)         1.330     1.330 r  clk_100MHz_IBUF_inst/O
                         net (fo=1, routed)           1.525     2.855    clk_100MHz_IBUF
    BUFGCTRL_X0Y16       BUFG (Prop_bufg_I_O)         0.076     2.931 r  clk_100MHz_IBUF_BUFG_inst/O
                         net (fo=742, routed)         1.323     4.255    clk_100MHz_IBUF_BUFG
    SLICE_X82Y89         FDRE                                         r  reset_sync_reg_reg[1]/C
  -------------------------------------------------------------------    -------------------
    SLICE_X82Y89         FDRE (Prop_fdre_C_Q)         0.341     4.596 f  reset_sync_reg_reg[1]/Q
                         net (fo=64, routed)          0.955     5.551    core/pc_inst/Q[0]
    SLICE_X83Y76         FDCE                                         f  core/pc_inst/pc_reg[5]/CLR
  -------------------------------------------------------------------    -------------------

                         (clock clk_100MHz rise edge)
                                                     10.000    10.000 r  
    E3                                                0.000    10.000 r  clk_100MHz (IN)
                         net (fo=0)                   0.000    10.000    clk_100MHz
    E3                   IBUF (Prop_ibuf_I_O)         1.263    11.263 r  clk_100MHz_IBUF_inst/O
                         net (fo=1, routed)           1.443    12.706    clk_100MHz_IBUF
    BUFGCTRL_X0Y16       BUFG (Prop_bufg_I_O)         0.072    12.778 r  clk_100MHz_IBUF_BUFG_inst/O
                         net (fo=742, routed)         1.208    13.986    core/pc_inst/clk_100MHz_IBUF_BUFG
    SLICE_X83Y76         FDCE                                         r  core/pc_inst/pc_reg[5]/C
                         clock pessimism              0.232    14.218    
                         clock uncertainty           -0.035    14.182    
    SLICE_X83Y76         FDCE (Recov_fdce_C_CLR)     -0.293    13.889    core/pc_inst/pc_reg[5]
  -------------------------------------------------------------------
                         required time                         13.889    
                         arrival time                          -5.551    
  -------------------------------------------------------------------
                         slack                                  8.338    

Slack (MET) :             8.338ns  (required time - arrival time)
  Source:                 reset_sync_reg_reg[1]/C
                            (rising edge-triggered cell FDRE clocked by clk_100MHz  {rise@0.000ns fall@5.000ns period=10.000ns})
  Destination:            core/pc_inst/pc_reg[6]/CLR
                            (recovery check against rising-edge clock clk_100MHz  {rise@0.000ns fall@5.000ns period=10.000ns})
  Path Group:             **async_default**
  Path Type:              Recovery (Max at Slow Process Corner)
  Requirement:            10.000ns  (clk_100MHz rise@10.000ns - clk_100MHz rise@0.000ns)
  Data Path Delay:        1.296ns  (logic 0.341ns (26.309%)  route 0.955ns (73.691%))
  Logic Levels:           0  
  Clock Path Skew:        -0.037ns (DCD - SCD + CPR)
    Destination Clock Delay (DCD):    3.986ns = ( 13.986 - 10.000 ) 
    Source Clock Delay      (SCD):    4.255ns
    Clock Pessimism Removal (CPR):    0.232ns
  Clock Uncertainty:      0.035ns  ((TSJ^2 + TIJ^2)^1/2 + DJ) / 2 + PE
    Total System Jitter     (TSJ):    0.071ns
    Total Input Jitter      (TIJ):    0.000ns
    Discrete Jitter          (DJ):    0.000ns
    Phase Error              (PE):    0.000ns

    Location             Delay type                Incr(ns)  Path(ns)    Netlist Resource(s)
  -------------------------------------------------------------------    -------------------
                         (clock clk_100MHz rise edge)
                                                      0.000     0.000 r  
    E3                                                0.000     0.000 r  clk_100MHz (IN)
                         net (fo=0)                   0.000     0.000    clk_100MHz
    E3                   IBUF (Prop_ibuf_I_O)         1.330     1.330 r  clk_100MHz_IBUF_inst/O
                         net (fo=1, routed)           1.525     2.855    clk_100MHz_IBUF
    BUFGCTRL_X0Y16       BUFG (Prop_bufg_I_O)         0.076     2.931 r  clk_100MHz_IBUF_BUFG_inst/O
                         net (fo=742, routed)         1.323     4.255    clk_100MHz_IBUF_BUFG
    SLICE_X82Y89         FDRE                                         r  reset_sync_reg_reg[1]/C
  -------------------------------------------------------------------    -------------------
    SLICE_X82Y89         FDRE (Prop_fdre_C_Q)         0.341     4.596 f  reset_sync_reg_reg[1]/Q
                         net (fo=64, routed)          0.955     5.551    core/pc_inst/Q[0]
    SLICE_X83Y76         FDCE                                         f  core/pc_inst/pc_reg[6]/CLR
  -------------------------------------------------------------------    -------------------

                         (clock clk_100MHz rise edge)
                                                     10.000    10.000 r  
    E3                                                0.000    10.000 r  clk_100MHz (IN)
                         net (fo=0)                   0.000    10.000    clk_100MHz
    E3                   IBUF (Prop_ibuf_I_O)         1.263    11.263 r  clk_100MHz_IBUF_inst/O
                         net (fo=1, routed)           1.443    12.706    clk_100MHz_IBUF
    BUFGCTRL_X0Y16       BUFG (Prop_bufg_I_O)         0.072    12.778 r  clk_100MHz_IBUF_BUFG_inst/O
                         net (fo=742, routed)         1.208    13.986    core/pc_inst/clk_100MHz_IBUF_BUFG
    SLICE_X83Y76         FDCE                                         r  core/pc_inst/pc_reg[6]/C
                         clock pessimism              0.232    14.218    
                         clock uncertainty           -0.035    14.182    
    SLICE_X83Y76         FDCE (Recov_fdce_C_CLR)     -0.293    13.889    core/pc_inst/pc_reg[6]
  -------------------------------------------------------------------
                         required time                         13.889    
                         arrival time                          -5.551    
  -------------------------------------------------------------------
                         slack                                  8.338    





Min Delay Paths
--------------------------------------------------------------------------------------
Slack (MET) :             0.410ns  (arrival time - required time)
  Source:                 reset_sync_reg_reg[1]/C
                            (rising edge-triggered cell FDRE clocked by clk_100MHz  {rise@0.000ns fall@5.000ns period=10.000ns})
  Destination:            display_value_reg[24]/CLR
                            (removal check against rising-edge clock clk_100MHz  {rise@0.000ns fall@5.000ns period=10.000ns})
  Path Group:             **async_default**
  Path Type:              Removal (Min at Fast Process Corner)
  Requirement:            0.000ns  (clk_100MHz rise@0.000ns - clk_100MHz rise@0.000ns)
  Data Path Delay:        0.332ns  (logic 0.141ns (42.472%)  route 0.191ns (57.528%))
  Logic Levels:           0  
  Clock Path Skew:        0.014ns (DCD - SCD - CPR)
    Destination Clock Delay (DCD):    2.039ns
    Source Clock Delay      (SCD):    1.523ns
    Clock Pessimism Removal (CPR):    0.501ns

    Location             Delay type                Incr(ns)  Path(ns)    Netlist Resource(s)
  -------------------------------------------------------------------    -------------------
                         (clock clk_100MHz rise edge)
                                                      0.000     0.000 r  
    E3                                                0.000     0.000 r  clk_100MHz (IN)
                         net (fo=0)                   0.000     0.000    clk_100MHz
    E3                   IBUF (Prop_ibuf_I_O)         0.250     0.250 r  clk_100MHz_IBUF_inst/O
                         net (fo=1, routed)           0.644     0.894    clk_100MHz_IBUF
    BUFGCTRL_X0Y16       BUFG (Prop_bufg_I_O)         0.026     0.920 r  clk_100MHz_IBUF_BUFG_inst/O
                         net (fo=742, routed)         0.604     1.523    clk_100MHz_IBUF_BUFG
    SLICE_X82Y89         FDRE                                         r  reset_sync_reg_reg[1]/C
  -------------------------------------------------------------------    -------------------
    SLICE_X82Y89         FDRE (Prop_fdre_C_Q)         0.141     1.664 f  reset_sync_reg_reg[1]/Q
                         net (fo=64, routed)          0.191     1.855    reset_sync
    SLICE_X82Y87         FDCE                                         f  display_value_reg[24]/CLR
  -------------------------------------------------------------------    -------------------

                         (clock clk_100MHz rise edge)
                                                      0.000     0.000 r  
    E3                                                0.000     0.000 r  clk_100MHz (IN)
                         net (fo=0)                   0.000     0.000    clk_100MHz
    E3                   IBUF (Prop_ibuf_I_O)         0.438     0.438 r  clk_100MHz_IBUF_inst/O
                         net (fo=1, routed)           0.699     1.136    clk_100MHz_IBUF
    BUFGCTRL_X0Y16       BUFG (Prop_bufg_I_O)         0.029     1.165 r  clk_100MHz_IBUF_BUFG_inst/O
                         net (fo=742, routed)         0.874     2.039    clk_100MHz_IBUF_BUFG
    SLICE_X82Y87         FDCE                                         r  display_value_reg[24]/C
                         clock pessimism             -0.501     1.537    
    SLICE_X82Y87         FDCE (Remov_fdce_C_CLR)     -0.092     1.445    display_value_reg[24]
  -------------------------------------------------------------------
                         required time                         -1.445    
                         arrival time                           1.855    
  -------------------------------------------------------------------
                         slack                                  0.410    

Slack (MET) :             0.463ns  (arrival time - required time)
  Source:                 reset_sync_reg_reg[1]/C
                            (rising edge-triggered cell FDRE clocked by clk_100MHz  {rise@0.000ns fall@5.000ns period=10.000ns})
  Destination:            display_value_reg[25]/CLR
                            (removal check against rising-edge clock clk_100MHz  {rise@0.000ns fall@5.000ns period=10.000ns})
  Path Group:             **async_default**
  Path Type:              Removal (Min at Fast Process Corner)
  Requirement:            0.000ns  (clk_100MHz rise@0.000ns - clk_100MHz rise@0.000ns)
  Data Path Delay:        0.384ns  (logic 0.141ns (36.709%)  route 0.243ns (63.291%))
  Logic Levels:           0  
  Clock Path Skew:        0.013ns (DCD - SCD - CPR)
    Destination Clock Delay (DCD):    2.038ns
    Source Clock Delay      (SCD):    1.523ns
    Clock Pessimism Removal (CPR):    0.501ns

    Location             Delay type                Incr(ns)  Path(ns)    Netlist Resource(s)
  -------------------------------------------------------------------    -------------------
                         (clock clk_100MHz rise edge)
                                                      0.000     0.000 r  
    E3                                                0.000     0.000 r  clk_100MHz (IN)
                         net (fo=0)                   0.000     0.000    clk_100MHz
    E3                   IBUF (Prop_ibuf_I_O)         0.250     0.250 r  clk_100MHz_IBUF_inst/O
                         net (fo=1, routed)           0.644     0.894    clk_100MHz_IBUF
    BUFGCTRL_X0Y16       BUFG (Prop_bufg_I_O)         0.026     0.920 r  clk_100MHz_IBUF_BUFG_inst/O
                         net (fo=742, routed)         0.604     1.523    clk_100MHz_IBUF_BUFG
    SLICE_X82Y89         FDRE                                         r  reset_sync_reg_reg[1]/C
  -------------------------------------------------------------------    -------------------
    SLICE_X82Y89         FDRE (Prop_fdre_C_Q)         0.141     1.664 f  reset_sync_reg_reg[1]/Q
                         net (fo=64, routed)          0.243     1.907    reset_sync
    SLICE_X82Y86         FDCE                                         f  display_value_reg[25]/CLR
  -------------------------------------------------------------------    -------------------

                         (clock clk_100MHz rise edge)
                                                      0.000     0.000 r  
    E3                                                0.000     0.000 r  clk_100MHz (IN)
                         net (fo=0)                   0.000     0.000    clk_100MHz
    E3                   IBUF (Prop_ibuf_I_O)         0.438     0.438 r  clk_100MHz_IBUF_inst/O
                         net (fo=1, routed)           0.699     1.136    clk_100MHz_IBUF
    BUFGCTRL_X0Y16       BUFG (Prop_bufg_I_O)         0.029     1.165 r  clk_100MHz_IBUF_BUFG_inst/O
                         net (fo=742, routed)         0.873     2.038    clk_100MHz_IBUF_BUFG
    SLICE_X82Y86         FDCE                                         r  display_value_reg[25]/C
                         clock pessimism             -0.501     1.536    
    SLICE_X82Y86         FDCE (Remov_fdce_C_CLR)     -0.092     1.444    display_value_reg[25]
  -------------------------------------------------------------------
                         required time                         -1.444    
                         arrival time                           1.907    
  -------------------------------------------------------------------
                         slack                                  0.463    

Slack (MET) :             0.463ns  (arrival time - required time)
  Source:                 reset_sync_reg_reg[1]/C
                            (rising edge-triggered cell FDRE clocked by clk_100MHz  {rise@0.000ns fall@5.000ns period=10.000ns})
  Destination:            display_value_reg[26]/CLR
                            (removal check against rising-edge clock clk_100MHz  {rise@0.000ns fall@5.000ns period=10.000ns})
  Path Group:             **async_default**
  Path Type:              Removal (Min at Fast Process Corner)
  Requirement:            0.000ns  (clk_100MHz rise@0.000ns - clk_100MHz rise@0.000ns)
  Data Path Delay:        0.384ns  (logic 0.141ns (36.709%)  route 0.243ns (63.291%))
  Logic Levels:           0  
  Clock Path Skew:        0.013ns (DCD - SCD - CPR)
    Destination Clock Delay (DCD):    2.038ns
    Source Clock Delay      (SCD):    1.523ns
    Clock Pessimism Removal (CPR):    0.501ns

    Location             Delay type                Incr(ns)  Path(ns)    Netlist Resource(s)
  -------------------------------------------------------------------    -------------------
                         (clock clk_100MHz rise edge)
                                                      0.000     0.000 r  
    E3                                                0.000     0.000 r  clk_100MHz (IN)
                         net (fo=0)                   0.000     0.000    clk_100MHz
    E3                   IBUF (Prop_ibuf_I_O)         0.250     0.250 r  clk_100MHz_IBUF_inst/O
                         net (fo=1, routed)           0.644     0.894    clk_100MHz_IBUF
    BUFGCTRL_X0Y16       BUFG (Prop_bufg_I_O)         0.026     0.920 r  clk_100MHz_IBUF_BUFG_inst/O
                         net (fo=742, routed)         0.604     1.523    clk_100MHz_IBUF_BUFG
    SLICE_X82Y89         FDRE                                         r  reset_sync_reg_reg[1]/C
  -------------------------------------------------------------------    -------------------
    SLICE_X82Y89         FDRE (Prop_fdre_C_Q)         0.141     1.664 f  reset_sync_reg_reg[1]/Q
                         net (fo=64, routed)          0.243     1.907    reset_sync
    SLICE_X82Y86         FDCE                                         f  display_value_reg[26]/CLR
  -------------------------------------------------------------------    -------------------

                         (clock clk_100MHz rise edge)
                                                      0.000     0.000 r  
    E3                                                0.000     0.000 r  clk_100MHz (IN)
                         net (fo=0)                   0.000     0.000    clk_100MHz
    E3                   IBUF (Prop_ibuf_I_O)         0.438     0.438 r  clk_100MHz_IBUF_inst/O
                         net (fo=1, routed)           0.699     1.136    clk_100MHz_IBUF
    BUFGCTRL_X0Y16       BUFG (Prop_bufg_I_O)         0.029     1.165 r  clk_100MHz_IBUF_BUFG_inst/O
                         net (fo=742, routed)         0.873     2.038    clk_100MHz_IBUF_BUFG
    SLICE_X82Y86         FDCE                                         r  display_value_reg[26]/C
                         clock pessimism             -0.501     1.536    
    SLICE_X82Y86         FDCE (Remov_fdce_C_CLR)     -0.092     1.444    display_value_reg[26]
  -------------------------------------------------------------------
                         required time                         -1.444    
                         arrival time                           1.907    
  -------------------------------------------------------------------
                         slack                                  0.463    

Slack (MET) :             0.545ns  (arrival time - required time)
  Source:                 reset_sync_reg_reg[1]/C
                            (rising edge-triggered cell FDRE clocked by clk_100MHz  {rise@0.000ns fall@5.000ns period=10.000ns})
  Destination:            display_value_reg[18]/CLR
                            (removal check against rising-edge clock clk_100MHz  {rise@0.000ns fall@5.000ns period=10.000ns})
  Path Group:             **async_default**
  Path Type:              Removal (Min at Fast Process Corner)
  Requirement:            0.000ns  (clk_100MHz rise@0.000ns - clk_100MHz rise@0.000ns)
  Data Path Delay:        0.466ns  (logic 0.141ns (30.247%)  route 0.325ns (69.753%))
  Logic Levels:           0  
  Clock Path Skew:        0.013ns (DCD - SCD - CPR)
    Destination Clock Delay (DCD):    2.038ns
    Source Clock Delay      (SCD):    1.523ns
    Clock Pessimism Removal (CPR):    0.501ns

    Location             Delay type                Incr(ns)  Path(ns)    Netlist Resource(s)
  -------------------------------------------------------------------    -------------------
                         (clock clk_100MHz rise edge)
                                                      0.000     0.000 r  
    E3                                                0.000     0.000 r  clk_100MHz (IN)
                         net (fo=0)                   0.000     0.000    clk_100MHz
    E3                   IBUF (Prop_ibuf_I_O)         0.250     0.250 r  clk_100MHz_IBUF_inst/O
                         net (fo=1, routed)           0.644     0.894    clk_100MHz_IBUF
    BUFGCTRL_X0Y16       BUFG (Prop_bufg_I_O)         0.026     0.920 r  clk_100MHz_IBUF_BUFG_inst/O
                         net (fo=742, routed)         0.604     1.523    clk_100MHz_IBUF_BUFG
    SLICE_X82Y89         FDRE                                         r  reset_sync_reg_reg[1]/C
  -------------------------------------------------------------------    -------------------
    SLICE_X82Y89         FDRE (Prop_fdre_C_Q)         0.141     1.664 f  reset_sync_reg_reg[1]/Q
                         net (fo=64, routed)          0.325     1.989    reset_sync
    SLICE_X83Y85         FDCE                                         f  display_value_reg[18]/CLR
  -------------------------------------------------------------------    -------------------

                         (clock clk_100MHz rise edge)
                                                      0.000     0.000 r  
    E3                                                0.000     0.000 r  clk_100MHz (IN)
                         net (fo=0)                   0.000     0.000    clk_100MHz
    E3                   IBUF (Prop_ibuf_I_O)         0.438     0.438 r  clk_100MHz_IBUF_inst/O
                         net (fo=1, routed)           0.699     1.136    clk_100MHz_IBUF
    BUFGCTRL_X0Y16       BUFG (Prop_bufg_I_O)         0.029     1.165 r  clk_100MHz_IBUF_BUFG_inst/O
                         net (fo=742, routed)         0.873     2.038    clk_100MHz_IBUF_BUFG
    SLICE_X83Y85         FDCE                                         r  display_value_reg[18]/C
                         clock pessimism             -0.501     1.536    
    SLICE_X83Y85         FDCE (Remov_fdce_C_CLR)     -0.092     1.444    display_value_reg[18]
  -------------------------------------------------------------------
                         required time                         -1.444    
                         arrival time                           1.989    
  -------------------------------------------------------------------
                         slack                                  0.545    

Slack (MET) :             0.548ns  (arrival time - required time)
  Source:                 reset_sync_reg_reg[1]/C
                            (rising edge-triggered cell FDRE clocked by clk_100MHz  {rise@0.000ns fall@5.000ns period=10.000ns})
  Destination:            display_value_reg[19]/CLR
                            (removal check against rising-edge clock clk_100MHz  {rise@0.000ns fall@5.000ns period=10.000ns})
  Path Group:             **async_default**
  Path Type:              Removal (Min at Fast Process Corner)
  Requirement:            0.000ns  (clk_100MHz rise@0.000ns - clk_100MHz rise@0.000ns)
  Data Path Delay:        0.469ns  (logic 0.141ns (30.037%)  route 0.328ns (69.963%))
  Logic Levels:           0  
  Clock Path Skew:        0.013ns (DCD - SCD - CPR)
    Destination Clock Delay (DCD):    2.038ns
    Source Clock Delay      (SCD):    1.523ns
    Clock Pessimism Removal (CPR):    0.501ns

    Location             Delay type                Incr(ns)  Path(ns)    Netlist Resource(s)
  -------------------------------------------------------------------    -------------------
                         (clock clk_100MHz rise edge)
                                                      0.000     0.000 r  
    E3                                                0.000     0.000 r  clk_100MHz (IN)
                         net (fo=0)                   0.000     0.000    clk_100MHz
    E3                   IBUF (Prop_ibuf_I_O)         0.250     0.250 r  clk_100MHz_IBUF_inst/O
                         net (fo=1, routed)           0.644     0.894    clk_100MHz_IBUF
    BUFGCTRL_X0Y16       BUFG (Prop_bufg_I_O)         0.026     0.920 r  clk_100MHz_IBUF_BUFG_inst/O
                         net (fo=742, routed)         0.604     1.523    clk_100MHz_IBUF_BUFG
    SLICE_X82Y89         FDRE                                         r  reset_sync_reg_reg[1]/C
  -------------------------------------------------------------------    -------------------
    SLICE_X82Y89         FDRE (Prop_fdre_C_Q)         0.141     1.664 f  reset_sync_reg_reg[1]/Q
                         net (fo=64, routed)          0.328     1.993    reset_sync
    SLICE_X82Y85         FDCE                                         f  display_value_reg[19]/CLR
  -------------------------------------------------------------------    -------------------

                         (clock clk_100MHz rise edge)
                                                      0.000     0.000 r  
    E3                                                0.000     0.000 r  clk_100MHz (IN)
                         net (fo=0)                   0.000     0.000    clk_100MHz
    E3                   IBUF (Prop_ibuf_I_O)         0.438     0.438 r  clk_100MHz_IBUF_inst/O
                         net (fo=1, routed)           0.699     1.136    clk_100MHz_IBUF
    BUFGCTRL_X0Y16       BUFG (Prop_bufg_I_O)         0.029     1.165 r  clk_100MHz_IBUF_BUFG_inst/O
                         net (fo=742, routed)         0.873     2.038    clk_100MHz_IBUF_BUFG
    SLICE_X82Y85         FDCE                                         r  display_value_reg[19]/C
                         clock pessimism             -0.501     1.536    
    SLICE_X82Y85         FDCE (Remov_fdce_C_CLR)     -0.092     1.444    display_value_reg[19]
  -------------------------------------------------------------------
                         required time                         -1.444    
                         arrival time                           1.993    
  -------------------------------------------------------------------
                         slack                                  0.548    

Slack (MET) :             0.548ns  (arrival time - required time)
  Source:                 reset_sync_reg_reg[1]/C
                            (rising edge-triggered cell FDRE clocked by clk_100MHz  {rise@0.000ns fall@5.000ns period=10.000ns})
  Destination:            display_value_reg[21]/CLR
                            (removal check against rising-edge clock clk_100MHz  {rise@0.000ns fall@5.000ns period=10.000ns})
  Path Group:             **async_default**
  Path Type:              Removal (Min at Fast Process Corner)
  Requirement:            0.000ns  (clk_100MHz rise@0.000ns - clk_100MHz rise@0.000ns)
  Data Path Delay:        0.469ns  (logic 0.141ns (30.037%)  route 0.328ns (69.963%))
  Logic Levels:           0  
  Clock Path Skew:        0.013ns (DCD - SCD - CPR)
    Destination Clock Delay (DCD):    2.038ns
    Source Clock Delay      (SCD):    1.523ns
    Clock Pessimism Removal (CPR):    0.501ns

    Location             Delay type                Incr(ns)  Path(ns)    Netlist Resource(s)
  -------------------------------------------------------------------    -------------------
                         (clock clk_100MHz rise edge)
                                                      0.000     0.000 r  
    E3                                                0.000     0.000 r  clk_100MHz (IN)
                         net (fo=0)                   0.000     0.000    clk_100MHz
    E3                   IBUF (Prop_ibuf_I_O)         0.250     0.250 r  clk_100MHz_IBUF_inst/O
                         net (fo=1, routed)           0.644     0.894    clk_100MHz_IBUF
    BUFGCTRL_X0Y16       BUFG (Prop_bufg_I_O)         0.026     0.920 r  clk_100MHz_IBUF_BUFG_inst/O
                         net (fo=742, routed)         0.604     1.523    clk_100MHz_IBUF_BUFG
    SLICE_X82Y89         FDRE                                         r  reset_sync_reg_reg[1]/C
  -------------------------------------------------------------------    -------------------
    SLICE_X82Y89         FDRE (Prop_fdre_C_Q)         0.141     1.664 f  reset_sync_reg_reg[1]/Q
                         net (fo=64, routed)          0.328     1.993    reset_sync
    SLICE_X82Y85         FDCE                                         f  display_value_reg[21]/CLR
  -------------------------------------------------------------------    -------------------

                         (clock clk_100MHz rise edge)
                                                      0.000     0.000 r  
    E3                                                0.000     0.000 r  clk_100MHz (IN)
                         net (fo=0)                   0.000     0.000    clk_100MHz
    E3                   IBUF (Prop_ibuf_I_O)         0.438     0.438 r  clk_100MHz_IBUF_inst/O
                         net (fo=1, routed)           0.699     1.136    clk_100MHz_IBUF
    BUFGCTRL_X0Y16       BUFG (Prop_bufg_I_O)         0.029     1.165 r  clk_100MHz_IBUF_BUFG_inst/O
                         net (fo=742, routed)         0.873     2.038    clk_100MHz_IBUF_BUFG
    SLICE_X82Y85         FDCE                                         r  display_value_reg[21]/C
                         clock pessimism             -0.501     1.536    
    SLICE_X82Y85         FDCE (Remov_fdce_C_CLR)     -0.092     1.444    display_value_reg[21]
  -------------------------------------------------------------------
                         required time                         -1.444    
                         arrival time                           1.993    
  -------------------------------------------------------------------
                         slack                                  0.548    

Slack (MET) :             0.548ns  (arrival time - required time)
  Source:                 reset_sync_reg_reg[1]/C
                            (rising edge-triggered cell FDRE clocked by clk_100MHz  {rise@0.000ns fall@5.000ns period=10.000ns})
  Destination:            display_value_reg[23]/CLR
                            (removal check against rising-edge clock clk_100MHz  {rise@0.000ns fall@5.000ns period=10.000ns})
  Path Group:             **async_default**
  Path Type:              Removal (Min at Fast Process Corner)
  Requirement:            0.000ns  (clk_100MHz rise@0.000ns - clk_100MHz rise@0.000ns)
  Data Path Delay:        0.469ns  (logic 0.141ns (30.037%)  route 0.328ns (69.963%))
  Logic Levels:           0  
  Clock Path Skew:        0.013ns (DCD - SCD - CPR)
    Destination Clock Delay (DCD):    2.038ns
    Source Clock Delay      (SCD):    1.523ns
    Clock Pessimism Removal (CPR):    0.501ns

    Location             Delay type                Incr(ns)  Path(ns)    Netlist Resource(s)
  -------------------------------------------------------------------    -------------------
                         (clock clk_100MHz rise edge)
                                                      0.000     0.000 r  
    E3                                                0.000     0.000 r  clk_100MHz (IN)
                         net (fo=0)                   0.000     0.000    clk_100MHz
    E3                   IBUF (Prop_ibuf_I_O)         0.250     0.250 r  clk_100MHz_IBUF_inst/O
                         net (fo=1, routed)           0.644     0.894    clk_100MHz_IBUF
    BUFGCTRL_X0Y16       BUFG (Prop_bufg_I_O)         0.026     0.920 r  clk_100MHz_IBUF_BUFG_inst/O
                         net (fo=742, routed)         0.604     1.523    clk_100MHz_IBUF_BUFG
    SLICE_X82Y89         FDRE                                         r  reset_sync_reg_reg[1]/C
  -------------------------------------------------------------------    -------------------
    SLICE_X82Y89         FDRE (Prop_fdre_C_Q)         0.141     1.664 f  reset_sync_reg_reg[1]/Q
                         net (fo=64, routed)          0.328     1.993    reset_sync
    SLICE_X82Y85         FDCE                                         f  display_value_reg[23]/CLR
  -------------------------------------------------------------------    -------------------

                         (clock clk_100MHz rise edge)
                                                      0.000     0.000 r  
    E3                                                0.000     0.000 r  clk_100MHz (IN)
                         net (fo=0)                   0.000     0.000    clk_100MHz
    E3                   IBUF (Prop_ibuf_I_O)         0.438     0.438 r  clk_100MHz_IBUF_inst/O
                         net (fo=1, routed)           0.699     1.136    clk_100MHz_IBUF
    BUFGCTRL_X0Y16       BUFG (Prop_bufg_I_O)         0.029     1.165 r  clk_100MHz_IBUF_BUFG_inst/O
                         net (fo=742, routed)         0.873     2.038    clk_100MHz_IBUF_BUFG
    SLICE_X82Y85         FDCE                                         r  display_value_reg[23]/C
                         clock pessimism             -0.501     1.536    
    SLICE_X82Y85         FDCE (Remov_fdce_C_CLR)     -0.092     1.444    display_value_reg[23]
  -------------------------------------------------------------------
                         required time                         -1.444    
                         arrival time                           1.993    
  -------------------------------------------------------------------
                         slack                                  0.548    

Slack (MET) :             0.560ns  (arrival time - required time)
  Source:                 reset_sync_reg_reg[1]/C
                            (rising edge-triggered cell FDRE clocked by clk_100MHz  {rise@0.000ns fall@5.000ns period=10.000ns})
  Destination:            display_value_reg[16]/CLR
                            (removal check against rising-edge clock clk_100MHz  {rise@0.000ns fall@5.000ns period=10.000ns})
  Path Group:             **async_default**
  Path Type:              Removal (Min at Fast Process Corner)
  Requirement:            0.000ns  (clk_100MHz rise@0.000ns - clk_100MHz rise@0.000ns)
  Data Path Delay:        0.506ns  (logic 0.141ns (27.859%)  route 0.365ns (72.141%))
  Logic Levels:           0  
  Clock Path Skew:        0.013ns (DCD - SCD - CPR)
    Destination Clock Delay (DCD):    2.038ns
    Source Clock Delay      (SCD):    1.523ns
    Clock Pessimism Removal (CPR):    0.501ns

    Location             Delay type                Incr(ns)  Path(ns)    Netlist Resource(s)
  -------------------------------------------------------------------    -------------------
                         (clock clk_100MHz rise edge)
                                                      0.000     0.000 r  
    E3                                                0.000     0.000 r  clk_100MHz (IN)
                         net (fo=0)                   0.000     0.000    clk_100MHz
    E3                   IBUF (Prop_ibuf_I_O)         0.250     0.250 r  clk_100MHz_IBUF_inst/O
                         net (fo=1, routed)           0.644     0.894    clk_100MHz_IBUF
    BUFGCTRL_X0Y16       BUFG (Prop_bufg_I_O)         0.026     0.920 r  clk_100MHz_IBUF_BUFG_inst/O
                         net (fo=742, routed)         0.604     1.523    clk_100MHz_IBUF_BUFG
    SLICE_X82Y89         FDRE                                         r  reset_sync_reg_reg[1]/C
  -------------------------------------------------------------------    -------------------
    SLICE_X82Y89         FDRE (Prop_fdre_C_Q)         0.141     1.664 f  reset_sync_reg_reg[1]/Q
                         net (fo=64, routed)          0.365     2.029    reset_sync
    SLICE_X84Y85         FDCE                                         f  display_value_reg[16]/CLR
  -------------------------------------------------------------------    -------------------

                         (clock clk_100MHz rise edge)
                                                      0.000     0.000 r  
    E3                                                0.000     0.000 r  clk_100MHz (IN)
                         net (fo=0)                   0.000     0.000    clk_100MHz
    E3                   IBUF (Prop_ibuf_I_O)         0.438     0.438 r  clk_100MHz_IBUF_inst/O
                         net (fo=1, routed)           0.699     1.136    clk_100MHz_IBUF
    BUFGCTRL_X0Y16       BUFG (Prop_bufg_I_O)         0.029     1.165 r  clk_100MHz_IBUF_BUFG_inst/O
                         net (fo=742, routed)         0.873     2.038    clk_100MHz_IBUF_BUFG
    SLICE_X84Y85         FDCE                                         r  display_value_reg[16]/C
                         clock pessimism             -0.501     1.536    
    SLICE_X84Y85         FDCE (Remov_fdce_C_CLR)     -0.067     1.469    display_value_reg[16]
  -------------------------------------------------------------------
                         required time                         -1.469    
                         arrival time                           2.029    
  -------------------------------------------------------------------
                         slack                                  0.560    

Slack (MET) :             0.560ns  (arrival time - required time)
  Source:                 reset_sync_reg_reg[1]/C
                            (rising edge-triggered cell FDRE clocked by clk_100MHz  {rise@0.000ns fall@5.000ns period=10.000ns})
  Destination:            display_value_reg[20]/CLR
                            (removal check against rising-edge clock clk_100MHz  {rise@0.000ns fall@5.000ns period=10.000ns})
  Path Group:             **async_default**
  Path Type:              Removal (Min at Fast Process Corner)
  Requirement:            0.000ns  (clk_100MHz rise@0.000ns - clk_100MHz rise@0.000ns)
  Data Path Delay:        0.506ns  (logic 0.141ns (27.859%)  route 0.365ns (72.141%))
  Logic Levels:           0  
  Clock Path Skew:        0.013ns (DCD - SCD - CPR)
    Destination Clock Delay (DCD):    2.038ns
    Source Clock Delay      (SCD):    1.523ns
    Clock Pessimism Removal (CPR):    0.501ns

    Location             Delay type                Incr(ns)  Path(ns)    Netlist Resource(s)
  -------------------------------------------------------------------    -------------------
                         (clock clk_100MHz rise edge)
                                                      0.000     0.000 r  
    E3                                                0.000     0.000 r  clk_100MHz (IN)
                         net (fo=0)                   0.000     0.000    clk_100MHz
    E3                   IBUF (Prop_ibuf_I_O)         0.250     0.250 r  clk_100MHz_IBUF_inst/O
                         net (fo=1, routed)           0.644     0.894    clk_100MHz_IBUF
    BUFGCTRL_X0Y16       BUFG (Prop_bufg_I_O)         0.026     0.920 r  clk_100MHz_IBUF_BUFG_inst/O
                         net (fo=742, routed)         0.604     1.523    clk_100MHz_IBUF_BUFG
    SLICE_X82Y89         FDRE                                         r  reset_sync_reg_reg[1]/C
  -------------------------------------------------------------------    -------------------
    SLICE_X82Y89         FDRE (Prop_fdre_C_Q)         0.141     1.664 f  reset_sync_reg_reg[1]/Q
                         net (fo=64, routed)          0.365     2.029    reset_sync
    SLICE_X84Y85         FDCE                                         f  display_value_reg[20]/CLR
  -------------------------------------------------------------------    -------------------

                         (clock clk_100MHz rise edge)
                                                      0.000     0.000 r  
    E3                                                0.000     0.000 r  clk_100MHz (IN)
                         net (fo=0)                   0.000     0.000    clk_100MHz
    E3                   IBUF (Prop_ibuf_I_O)         0.438     0.438 r  clk_100MHz_IBUF_inst/O
                         net (fo=1, routed)           0.699     1.136    clk_100MHz_IBUF
    BUFGCTRL_X0Y16       BUFG (Prop_bufg_I_O)         0.029     1.165 r  clk_100MHz_IBUF_BUFG_inst/O
                         net (fo=742, routed)         0.873     2.038    clk_100MHz_IBUF_BUFG
    SLICE_X84Y85         FDCE                                         r  display_value_reg[20]/C
                         clock pessimism             -0.501     1.536    
    SLICE_X84Y85         FDCE (Remov_fdce_C_CLR)     -0.067     1.469    display_value_reg[20]
  -------------------------------------------------------------------
                         required time                         -1.469    
                         arrival time                           2.029    
  -------------------------------------------------------------------
                         slack                                  0.560    

Slack (MET) :             0.560ns  (arrival time - required time)
  Source:                 reset_sync_reg_reg[1]/C
                            (rising edge-triggered cell FDRE clocked by clk_100MHz  {rise@0.000ns fall@5.000ns period=10.000ns})
  Destination:            display_value_reg[28]/CLR
                            (removal check against rising-edge clock clk_100MHz  {rise@0.000ns fall@5.000ns period=10.000ns})
  Path Group:             **async_default**
  Path Type:              Removal (Min at Fast Process Corner)
  Requirement:            0.000ns  (clk_100MHz rise@0.000ns - clk_100MHz rise@0.000ns)
  Data Path Delay:        0.506ns  (logic 0.141ns (27.859%)  route 0.365ns (72.141%))
  Logic Levels:           0  
  Clock Path Skew:        0.013ns (DCD - SCD - CPR)
    Destination Clock Delay (DCD):    2.038ns
    Source Clock Delay      (SCD):    1.523ns
    Clock Pessimism Removal (CPR):    0.501ns

    Location             Delay type                Incr(ns)  Path(ns)    Netlist Resource(s)
  -------------------------------------------------------------------    -------------------
                         (clock clk_100MHz rise edge)
                                                      0.000     0.000 r  
    E3                                                0.000     0.000 r  clk_100MHz (IN)
                         net (fo=0)                   0.000     0.000    clk_100MHz
    E3                   IBUF (Prop_ibuf_I_O)         0.250     0.250 r  clk_100MHz_IBUF_inst/O
                         net (fo=1, routed)           0.644     0.894    clk_100MHz_IBUF
    BUFGCTRL_X0Y16       BUFG (Prop_bufg_I_O)         0.026     0.920 r  clk_100MHz_IBUF_BUFG_inst/O
                         net (fo=742, routed)         0.604     1.523    clk_100MHz_IBUF_BUFG
    SLICE_X82Y89         FDRE                                         r  reset_sync_reg_reg[1]/C
  -------------------------------------------------------------------    -------------------
    SLICE_X82Y89         FDRE (Prop_fdre_C_Q)         0.141     1.664 f  reset_sync_reg_reg[1]/Q
                         net (fo=64, routed)          0.365     2.029    reset_sync
    SLICE_X84Y85         FDCE                                         f  display_value_reg[28]/CLR
  -------------------------------------------------------------------    -------------------

                         (clock clk_100MHz rise edge)
                                                      0.000     0.000 r  
    E3                                                0.000     0.000 r  clk_100MHz (IN)
                         net (fo=0)                   0.000     0.000    clk_100MHz
    E3                   IBUF (Prop_ibuf_I_O)         0.438     0.438 r  clk_100MHz_IBUF_inst/O
                         net (fo=1, routed)           0.699     1.136    clk_100MHz_IBUF
    BUFGCTRL_X0Y16       BUFG (Prop_bufg_I_O)         0.029     1.165 r  clk_100MHz_IBUF_BUFG_inst/O
                         net (fo=742, routed)         0.873     2.038    clk_100MHz_IBUF_BUFG
    SLICE_X84Y85         FDCE                                         r  display_value_reg[28]/C
                         clock pessimism             -0.501     1.536    
    SLICE_X84Y85         FDCE (Remov_fdce_C_CLR)     -0.067     1.469    display_value_reg[28]
  -------------------------------------------------------------------
                         required time                         -1.469    
                         arrival time                           2.029    
  -------------------------------------------------------------------
                         slack                                  0.560    





